-- MySQL dump 10.13  Distrib 8.0.45, for Win64 (x86_64)
--
-- Host: 127.0.0.1    Database: payroll_management
-- ------------------------------------------------------
-- Server version	9.3.0

/*!40101 SET @OLD_CHARACTER_SET_CLIENT=@@CHARACTER_SET_CLIENT */;
/*!40101 SET @OLD_CHARACTER_SET_RESULTS=@@CHARACTER_SET_RESULTS */;
/*!40101 SET @OLD_COLLATION_CONNECTION=@@COLLATION_CONNECTION */;
/*!50503 SET NAMES utf8 */;
/*!40103 SET @OLD_TIME_ZONE=@@TIME_ZONE */;
/*!40103 SET TIME_ZONE='+00:00' */;
/*!40014 SET @OLD_UNIQUE_CHECKS=@@UNIQUE_CHECKS, UNIQUE_CHECKS=0 */;
/*!40014 SET @OLD_FOREIGN_KEY_CHECKS=@@FOREIGN_KEY_CHECKS, FOREIGN_KEY_CHECKS=0 */;
/*!40101 SET @OLD_SQL_MODE=@@SQL_MODE, SQL_MODE='NO_AUTO_VALUE_ON_ZERO' */;
/*!40111 SET @OLD_SQL_NOTES=@@SQL_NOTES, SQL_NOTES=0 */;

--
-- Table structure for table `attendance`
--

DROP TABLE IF EXISTS `attendance`;
/*!40101 SET @saved_cs_client     = @@character_set_client */;
/*!50503 SET character_set_client = utf8mb4 */;
CREATE TABLE `attendance` (
  `attendanceId` int NOT NULL AUTO_INCREMENT,
  `staffId` int NOT NULL,
  `companyId` int NOT NULL,
  `shiftAssignmentId` int DEFAULT NULL,
  `shiftTypeId` int DEFAULT NULL,
  `attendanceDate` date NOT NULL,
  `scheduledStartTime` time DEFAULT NULL COMMENT 'Scheduled shift start time',
  `scheduledEndTime` time DEFAULT NULL COMMENT 'Scheduled shift end time',
  `firstCheckIn` datetime DEFAULT NULL COMMENT 'First actual check-in timestamp',
  `lastCheckOut` datetime DEFAULT NULL COMMENT 'Last actual check-out timestamp',
  `totalCheckIns` int NOT NULL DEFAULT '0',
  `totalCheckOuts` int NOT NULL DEFAULT '0',
  `workingHours` decimal(5,2) DEFAULT NULL COMMENT 'Calculated effective working hours',
  `breakHours` decimal(5,2) DEFAULT '0.00',
  `overtimeHours` decimal(5,2) DEFAULT '0.00',
  `attendanceStatus` varchar(100) NOT NULL DEFAULT 'Present',
  `isLate` tinyint(1) DEFAULT '0',
  `lateByMinutes` int DEFAULT '0',
  `isEarlyExit` tinyint(1) DEFAULT '0',
  `earlyExitMinutes` int DEFAULT '0',
  `isHoliday` tinyint(1) DEFAULT '0',
  `isWeekOff` tinyint(1) DEFAULT '0',
  `autoGenerated` tinyint(1) DEFAULT '0' COMMENT 'Auto-generated by system (e.g. default absent)',
  `remarks` text,
  `approvedBy` int DEFAULT NULL,
  `approvedAt` datetime DEFAULT NULL,
  `createdBy` int DEFAULT NULL,
  `updatedBy` int DEFAULT NULL,
  `createdAt` datetime NOT NULL,
  `updatedAt` datetime NOT NULL,
  `deletedAt` datetime DEFAULT NULL,
  PRIMARY KEY (`attendanceId`),
  UNIQUE KEY `unique_employee_attendance_date` (`staffId`,`attendanceDate`),
  KEY `idx_company_attendance_date` (`companyId`,`attendanceDate`),
  KEY `idx_attendance_status` (`attendanceStatus`),
  KEY `idx_shift_type` (`shiftTypeId`),
  KEY `idx_approved_by` (`approvedBy`),
  KEY `shiftAssignmentId` (`shiftAssignmentId`),
  KEY `createdBy` (`createdBy`),
  KEY `updatedBy` (`updatedBy`),
  CONSTRAINT `attendance_ibfk_1` FOREIGN KEY (`staffId`) REFERENCES `staff_details` (`staffId`) ON DELETE CASCADE ON UPDATE CASCADE,
  CONSTRAINT `attendance_ibfk_2` FOREIGN KEY (`companyId`) REFERENCES `companies` (`companyId`) ON DELETE CASCADE ON UPDATE CASCADE,
  CONSTRAINT `attendance_ibfk_3` FOREIGN KEY (`shiftAssignmentId`) REFERENCES `shift_assignments` (`shiftAssignmentId`) ON DELETE SET NULL ON UPDATE CASCADE,
  CONSTRAINT `attendance_ibfk_4` FOREIGN KEY (`shiftTypeId`) REFERENCES `shift_types` (`shiftTypeId`) ON DELETE SET NULL ON UPDATE CASCADE,
  CONSTRAINT `attendance_ibfk_5` FOREIGN KEY (`approvedBy`) REFERENCES `users` (`userId`) ON DELETE SET NULL ON UPDATE CASCADE,
  CONSTRAINT `attendance_ibfk_6` FOREIGN KEY (`createdBy`) REFERENCES `users` (`userId`) ON DELETE SET NULL ON UPDATE CASCADE,
  CONSTRAINT `attendance_ibfk_7` FOREIGN KEY (`updatedBy`) REFERENCES `users` (`userId`) ON DELETE SET NULL ON UPDATE CASCADE
) ENGINE=InnoDB AUTO_INCREMENT=1771 DEFAULT CHARSET=utf8mb4 COLLATE=utf8mb4_0900_ai_ci;
/*!40101 SET character_set_client = @saved_cs_client */;

--
-- Dumping data for table `attendance`
--

LOCK TABLES `attendance` WRITE;
/*!40000 ALTER TABLE `attendance` DISABLE KEYS */;
INSERT INTO `attendance` VALUES (1711,1,1,1,2,'2026-01-02','09:00:00','17:00:00','2026-01-02 08:55:00','2026-01-02 17:00:00',2,2,8.08,0.00,0.08,'Present',0,0,0,0,0,0,1,'permUsedHours=0; rawWorkingHours=8.08',NULL,NULL,1,1,'2026-02-21 11:29:21','2026-02-21 11:29:21',NULL),(1712,2,1,2,3,'2026-01-02','22:00:00','06:00:00','2026-01-02 22:00:00','2026-01-03 06:00:00',2,2,8.00,0.00,0.00,'Present',0,0,0,0,0,0,1,'permUsedHours=0; rawWorkingHours=8',NULL,NULL,1,1,'2026-02-21 11:29:21','2026-02-21 11:29:21',NULL),(1713,3,1,3,1,'2026-01-02','09:30:00','16:30:00','2026-01-02 09:35:00','2026-01-02 16:30:00',2,2,6.92,0.00,0.00,'Present',0,0,0,0,0,0,1,'permUsedHours=0; rawWorkingHours=6.92',NULL,NULL,1,1,'2026-02-21 11:29:21','2026-02-21 11:29:21',NULL),(1714,4,1,4,1,'2026-01-02','09:30:00','16:30:00','2026-01-02 09:25:00','2026-01-02 16:30:00',2,2,7.08,0.00,0.08,'Present',0,0,0,0,0,0,1,'permUsedHours=0; rawWorkingHours=7.08',NULL,NULL,1,1,'2026-02-21 11:29:21','2026-02-21 11:29:21',NULL),(1715,5,1,5,1,'2026-01-02','09:30:00','16:30:00','2026-01-02 09:30:00','2026-01-02 13:30:00',2,2,6.00,0.00,0.00,'Permission',0,0,1,165,0,0,1,'permUsedHours=2; rawWorkingHours=4',NULL,NULL,1,1,'2026-02-21 11:29:21','2026-02-21 11:29:21',NULL),(1716,6,1,6,2,'2026-01-02','09:00:00','17:00:00','2026-01-02 09:05:00','2026-01-02 17:00:00',2,2,7.92,0.00,0.00,'Present',0,0,0,0,0,0,1,'permUsedHours=0; rawWorkingHours=7.92',NULL,NULL,1,1,'2026-02-21 11:29:21','2026-02-21 11:29:21',NULL),(1717,7,1,7,2,'2026-01-02','09:00:00','17:00:00','2026-01-02 08:55:00','2026-01-02 08:55:00',1,1,0.00,0.00,0.00,'Absent',0,0,1,470,0,0,1,'permUsedHours=0; rawWorkingHours=0',NULL,NULL,1,1,'2026-02-21 11:29:21','2026-02-21 11:29:21',NULL),(1718,8,1,8,2,'2026-01-02','09:00:00','17:00:00','2026-01-02 09:00:00','2026-01-02 17:00:00',2,2,8.00,0.00,0.00,'Present',0,0,0,0,0,0,1,'permUsedHours=0; rawWorkingHours=8',NULL,NULL,1,1,'2026-02-21 11:29:21','2026-02-21 11:29:21',NULL),(1719,9,1,9,2,'2026-01-02','09:00:00','17:00:00','2026-01-02 09:05:00','2026-01-02 17:00:00',2,2,7.92,0.00,0.00,'Present',0,0,0,0,0,0,1,'permUsedHours=0; rawWorkingHours=7.92',NULL,NULL,1,1,'2026-02-21 11:29:21','2026-02-21 11:29:21',NULL),(1720,10,1,10,2,'2026-01-02','09:00:00','17:00:00','2026-01-02 08:55:00','2026-01-02 17:00:00',2,2,8.08,0.00,0.08,'Present',0,0,0,0,0,0,1,'permUsedHours=0; rawWorkingHours=8.08',NULL,NULL,1,1,'2026-02-21 11:29:21','2026-02-21 11:29:21',NULL),(1721,1,1,1,2,'2026-01-03','09:00:00','17:00:00','2026-01-03 08:55:00','2026-01-03 17:06:00',2,2,8.18,0.00,0.18,'Present',0,0,0,0,0,0,1,'permUsedHours=0; rawWorkingHours=8.18',NULL,NULL,1,1,'2026-02-21 12:31:52','2026-02-21 12:31:52',NULL),(1722,1,1,NULL,2,'2026-01-04','09:00:00','17:00:00',NULL,NULL,0,0,0.00,0.00,0.00,'Week Off',0,0,0,0,0,1,1,'permUsedHours=0; rawWorkingHours=0',NULL,NULL,1,1,'2026-02-21 12:31:52','2026-02-21 12:31:52',NULL),(1723,1,1,1,2,'2026-01-05','09:00:00','17:00:00','2026-01-05 08:55:00','2026-01-05 17:00:00',2,2,8.08,0.00,0.08,'Present',0,0,0,0,0,0,1,'permUsedHours=0; rawWorkingHours=8.08',NULL,NULL,1,1,'2026-02-21 12:31:52','2026-02-21 12:31:52',NULL),(1724,2,1,2,3,'2026-01-03','22:00:00','06:00:00','2026-01-03 22:00:00','2026-01-04 06:06:00',2,2,8.10,0.00,0.10,'Present',0,0,0,0,0,0,1,'permUsedHours=0; rawWorkingHours=8.1',NULL,NULL,1,1,'2026-02-21 12:31:52','2026-02-21 12:31:52',NULL),(1725,2,1,2,3,'2026-01-04','22:00:00','06:00:00',NULL,NULL,0,0,0.00,0.00,0.00,'Week Off',0,0,0,0,0,1,1,'permUsedHours=0; rawWorkingHours=0',NULL,NULL,1,1,'2026-02-21 12:31:52','2026-02-21 12:31:52',NULL),(1726,2,1,2,3,'2026-01-05','22:00:00','06:00:00','2026-01-05 22:00:00','2026-01-06 02:00:00',2,2,6.00,0.00,0.00,'Permission',0,0,1,225,0,0,1,'permUsedHours=2; rawWorkingHours=4',NULL,NULL,1,1,'2026-02-21 12:31:52','2026-02-21 12:31:52',NULL),(1727,3,1,3,1,'2026-01-03','09:30:00','16:30:00','2026-01-03 09:35:00','2026-01-03 16:36:00',2,2,7.02,0.00,0.02,'Present',0,0,0,0,0,0,1,'permUsedHours=0; rawWorkingHours=7.02',NULL,NULL,1,1,'2026-02-21 12:31:52','2026-02-21 12:31:52',NULL),(1728,3,1,NULL,1,'2026-01-04','09:30:00','16:30:00',NULL,NULL,0,0,0.00,0.00,0.00,'Week Off',0,0,0,0,0,1,1,'permUsedHours=0; rawWorkingHours=0',NULL,NULL,1,1,'2026-02-21 12:31:52','2026-02-21 12:31:52',NULL),(1729,3,1,3,1,'2026-01-05','09:30:00','16:30:00','2026-01-05 09:35:00','2026-01-05 16:30:00',2,2,6.92,0.00,0.00,'Present',0,0,0,0,0,0,1,'permUsedHours=0; rawWorkingHours=6.92',NULL,NULL,1,1,'2026-02-21 12:31:52','2026-02-21 12:31:52',NULL),(1730,4,1,4,1,'2026-01-03','09:30:00','16:30:00','2026-01-03 09:25:00','2026-01-03 13:25:00',2,2,6.00,0.00,0.00,'Permission',0,0,1,170,0,0,1,'permUsedHours=2; rawWorkingHours=4',NULL,NULL,1,1,'2026-02-21 12:31:52','2026-02-21 12:31:52',NULL),(1731,4,1,NULL,1,'2026-01-04','09:30:00','16:30:00',NULL,NULL,0,0,0.00,0.00,0.00,'Week Off',0,0,0,0,0,1,1,'permUsedHours=0; rawWorkingHours=0',NULL,NULL,1,1,'2026-02-21 12:31:52','2026-02-21 12:31:52',NULL),(1732,4,1,4,1,'2026-01-05','09:30:00','16:30:00','2026-01-05 09:25:00','2026-01-05 09:25:00',1,1,0.00,0.00,0.00,'Absent',0,0,1,410,0,0,1,'permUsedHours=0; rawWorkingHours=0',NULL,NULL,1,1,'2026-02-21 12:31:52','2026-02-21 12:31:52',NULL),(1733,5,1,5,1,'2026-01-03','09:30:00','16:30:00','2026-01-03 09:30:00','2026-01-03 16:36:00',2,2,7.10,0.00,0.10,'Present',0,0,0,0,0,0,1,'permUsedHours=0; rawWorkingHours=7.1',NULL,NULL,1,1,'2026-02-21 12:31:52','2026-02-21 12:31:52',NULL),(1734,5,1,NULL,1,'2026-01-04','09:30:00','16:30:00',NULL,NULL,0,0,0.00,0.00,0.00,'Week Off',0,0,0,0,0,1,1,'permUsedHours=0; rawWorkingHours=0',NULL,NULL,1,1,'2026-02-21 12:31:52','2026-02-21 12:31:52',NULL),(1735,5,1,5,1,'2026-01-05','09:30:00','16:30:00','2026-01-05 09:30:00','2026-01-05 16:30:00',2,2,7.00,0.00,0.00,'Present',0,0,0,0,0,0,1,'permUsedHours=0; rawWorkingHours=7',NULL,NULL,1,1,'2026-02-21 12:31:52','2026-02-21 12:31:52',NULL),(1736,6,1,6,2,'2026-01-03','09:00:00','17:00:00','2026-01-03 09:05:00','2026-01-03 09:05:00',1,1,0.00,0.00,0.00,'Absent',0,0,1,460,0,0,1,'permUsedHours=0; rawWorkingHours=0',NULL,NULL,1,1,'2026-02-21 12:31:52','2026-02-21 12:31:52',NULL),(1737,6,1,NULL,2,'2026-01-04','09:00:00','17:00:00',NULL,NULL,0,0,0.00,0.00,0.00,'Week Off',0,0,0,0,0,1,1,'permUsedHours=0; rawWorkingHours=0',NULL,NULL,1,1,'2026-02-21 12:31:52','2026-02-21 12:31:52',NULL),(1738,6,1,6,2,'2026-01-05','09:00:00','17:00:00','2026-01-05 09:05:00','2026-01-05 17:00:00',2,2,7.92,0.00,0.00,'Present',0,0,0,0,0,0,1,'permUsedHours=0; rawWorkingHours=7.92',NULL,NULL,1,1,'2026-02-21 12:31:52','2026-02-21 12:31:52',NULL),(1739,7,1,7,2,'2026-01-03','09:00:00','17:00:00','2026-01-03 08:55:00','2026-01-03 17:06:00',2,2,8.18,0.00,0.18,'Present',0,0,0,0,0,0,1,'permUsedHours=0; rawWorkingHours=8.18',NULL,NULL,1,1,'2026-02-21 12:31:52','2026-02-21 12:31:52',NULL),(1740,7,1,NULL,2,'2026-01-04','09:00:00','17:00:00',NULL,NULL,0,0,0.00,0.00,0.00,'Week Off',0,0,0,0,0,1,1,'permUsedHours=0; rawWorkingHours=0',NULL,NULL,1,1,'2026-02-21 12:31:52','2026-02-21 12:31:52',NULL),(1741,7,1,7,2,'2026-01-05','09:00:00','17:00:00','2026-01-05 08:55:00','2026-01-05 17:00:00',2,2,8.08,0.00,0.08,'Present',0,0,0,0,0,0,1,'permUsedHours=0; rawWorkingHours=8.08',NULL,NULL,1,1,'2026-02-21 12:31:52','2026-02-21 12:31:52',NULL),(1742,8,1,8,2,'2026-01-03','09:00:00','17:00:00','2026-01-03 09:00:00','2026-01-03 17:06:00',2,2,8.10,0.00,0.10,'Present',0,0,0,0,0,0,1,'permUsedHours=0; rawWorkingHours=8.1',NULL,NULL,1,1,'2026-02-21 12:31:52','2026-02-21 12:31:52',NULL),(1743,8,1,NULL,2,'2026-01-04','09:00:00','17:00:00',NULL,NULL,0,0,0.00,0.00,0.00,'Week Off',0,0,0,0,0,1,1,'permUsedHours=0; rawWorkingHours=0',NULL,NULL,1,1,'2026-02-21 12:31:52','2026-02-21 12:31:52',NULL),(1744,8,1,8,2,'2026-01-05','09:00:00','17:00:00','2026-01-05 09:00:00','2026-01-05 17:00:00',2,2,8.00,0.00,0.00,'Present',0,0,0,0,0,0,1,'permUsedHours=0; rawWorkingHours=8',NULL,NULL,1,1,'2026-02-21 12:31:52','2026-02-21 12:31:52',NULL),(1745,9,1,9,2,'2026-01-03','09:00:00','17:00:00','2026-01-03 09:05:00','2026-01-03 17:06:00',2,2,8.02,0.00,0.02,'Present',0,0,0,0,0,0,1,'permUsedHours=0; rawWorkingHours=8.02',NULL,NULL,1,1,'2026-02-21 12:31:52','2026-02-21 12:31:52',NULL),(1746,9,1,NULL,2,'2026-01-04','09:00:00','17:00:00',NULL,NULL,0,0,0.00,0.00,0.00,'Week Off',0,0,0,0,0,1,1,'permUsedHours=0; rawWorkingHours=0',NULL,NULL,1,1,'2026-02-21 12:31:52','2026-02-21 12:31:52',NULL),(1747,9,1,9,2,'2026-01-05','09:00:00','17:00:00',NULL,NULL,0,0,0.00,0.00,0.00,'Absent',0,0,0,0,0,0,1,'permUsedHours=0; rawWorkingHours=0',NULL,NULL,1,1,'2026-02-21 12:31:52','2026-02-21 12:31:52',NULL),(1748,10,1,10,2,'2026-01-03','09:00:00','17:00:00','2026-01-03 08:55:00','2026-01-03 17:06:00',2,2,8.18,0.00,0.18,'Present',0,0,0,0,0,0,1,'permUsedHours=0; rawWorkingHours=8.18',NULL,NULL,1,1,'2026-02-21 12:31:52','2026-02-21 12:31:52',NULL),(1749,10,1,NULL,2,'2026-01-04','09:00:00','17:00:00',NULL,NULL,0,0,0.00,0.00,0.00,'Week Off',0,0,0,0,0,1,1,'permUsedHours=0; rawWorkingHours=0',NULL,NULL,1,1,'2026-02-21 12:31:52','2026-02-21 12:31:52',NULL),(1750,10,1,10,2,'2026-01-05','09:00:00','17:00:00','2026-01-05 08:55:00','2026-01-05 17:00:00',2,2,8.08,0.00,0.08,'Present',0,0,0,0,0,0,1,'permUsedHours=0; rawWorkingHours=8.08',NULL,NULL,1,1,'2026-02-21 12:31:52','2026-02-21 12:31:52',NULL),(1751,1,1,1,2,'2026-01-06','09:00:00','17:00:00','2026-01-06 08:55:00','2026-01-06 12:55:00',2,2,6.00,0.00,0.00,'Permission',0,0,1,230,0,0,1,'permUsedHours=2; rawWorkingHours=4',NULL,NULL,1,1,'2026-02-21 12:39:31','2026-02-21 12:39:31',NULL),(1752,1,1,1,2,'2026-01-07','09:00:00','17:00:00','2026-01-07 08:55:00','2026-01-07 16:54:00',2,2,7.98,0.00,0.00,'Present',0,0,0,0,0,0,1,'permUsedHours=0; rawWorkingHours=7.98',NULL,NULL,1,1,'2026-02-21 12:39:31','2026-02-21 12:39:31',NULL),(1753,2,1,2,3,'2026-01-06','22:00:00','06:00:00','2026-01-06 22:00:00','2026-01-07 06:06:00',2,2,8.10,0.00,0.10,'Present',0,0,0,0,0,0,1,'permUsedHours=0; rawWorkingHours=8.1',NULL,NULL,1,1,'2026-02-21 12:39:31','2026-02-21 12:39:31',NULL),(1754,2,1,2,3,'2026-01-07','22:00:00','06:00:00','2026-01-07 22:00:00','2026-01-07 22:00:00',1,1,0.00,0.00,0.00,'Absent',0,0,1,465,0,0,1,'permUsedHours=0; rawWorkingHours=0',NULL,NULL,1,1,'2026-02-21 12:39:31','2026-02-21 12:39:31',NULL),(1755,3,1,3,1,'2026-01-06','09:30:00','16:30:00','2026-01-06 09:35:00','2026-01-06 09:35:00',1,1,0.00,0.00,0.00,'Leave - Test leave',0,0,1,400,0,0,1,'permUsedHours=0; rawWorkingHours=0',NULL,NULL,1,1,'2026-02-21 12:39:31','2026-02-21 12:39:31',NULL),(1756,3,1,3,1,'2026-01-07','09:30:00','16:30:00','2026-01-07 09:35:00','2026-01-07 16:24:00',2,2,6.82,0.00,0.00,'Present',0,0,0,0,0,0,1,'permUsedHours=0; rawWorkingHours=6.82',NULL,NULL,1,1,'2026-02-21 12:39:31','2026-02-21 12:39:31',NULL),(1757,4,1,4,1,'2026-01-06','09:30:00','16:30:00','2026-01-06 09:25:00','2026-01-06 16:36:00',2,2,7.18,0.00,0.18,'Present',0,0,0,0,0,0,1,'permUsedHours=0; rawWorkingHours=7.18',NULL,NULL,1,1,'2026-02-21 12:39:31','2026-02-21 12:39:31',NULL),(1758,4,1,4,1,'2026-01-07','09:30:00','16:30:00','2026-01-07 09:25:00','2026-01-07 16:24:00',2,2,6.98,0.00,0.00,'Present',0,0,0,0,0,0,1,'permUsedHours=0; rawWorkingHours=6.98',NULL,NULL,1,1,'2026-02-21 12:39:31','2026-02-21 12:39:31',NULL),(1759,5,1,5,1,'2026-01-06','09:30:00','16:30:00','2026-01-06 09:30:00','2026-01-06 16:36:00',2,2,7.10,0.00,0.10,'Present',0,0,0,0,0,0,1,'permUsedHours=0; rawWorkingHours=7.1',NULL,NULL,1,1,'2026-02-21 12:39:31','2026-02-21 12:39:31',NULL),(1760,5,1,5,1,'2026-01-07','09:30:00','16:30:00','2026-01-07 09:30:00','2026-01-07 16:24:00',2,2,6.90,0.00,0.00,'Present',0,0,0,0,0,0,1,'permUsedHours=0; rawWorkingHours=6.9',NULL,NULL,1,1,'2026-02-21 12:39:31','2026-02-21 12:39:31',NULL),(1761,6,1,6,2,'2026-01-06','09:00:00','17:00:00','2026-01-06 09:05:00','2026-01-06 17:06:00',2,2,8.02,0.00,0.02,'Present',0,0,0,0,0,0,1,'permUsedHours=0; rawWorkingHours=8.02',NULL,NULL,1,1,'2026-02-21 12:39:31','2026-02-21 12:39:31',NULL),(1762,6,1,6,2,'2026-01-07','09:00:00','17:00:00','2026-01-07 09:05:00','2026-01-07 16:54:00',2,2,7.82,0.00,0.00,'Present',0,0,0,0,0,0,1,'permUsedHours=0; rawWorkingHours=7.82',NULL,NULL,1,1,'2026-02-21 12:39:31','2026-02-21 12:39:31',NULL),(1763,7,1,7,2,'2026-01-06','09:00:00','17:00:00','2026-01-06 08:55:00','2026-01-06 17:06:00',2,2,8.18,0.00,0.18,'Present',0,0,0,0,0,0,1,'permUsedHours=0; rawWorkingHours=8.18',NULL,NULL,1,1,'2026-02-21 12:39:31','2026-02-21 12:39:31',NULL),(1764,7,1,7,2,'2026-01-07','09:00:00','17:00:00',NULL,NULL,0,0,0.00,0.00,0.00,'Absent',0,0,0,0,0,0,1,'permUsedHours=0; rawWorkingHours=0',NULL,NULL,1,1,'2026-02-21 12:39:31','2026-02-21 12:39:31',NULL),(1765,8,1,8,2,'2026-01-06','09:00:00','17:00:00',NULL,NULL,0,0,0.00,0.00,0.00,'Absent',0,0,0,0,0,0,1,'permUsedHours=0; rawWorkingHours=0',NULL,NULL,1,1,'2026-02-21 12:39:31','2026-02-21 12:39:31',NULL),(1766,8,1,8,2,'2026-01-07','09:00:00','17:00:00','2026-01-07 09:00:00','2026-01-07 16:54:00',2,2,7.90,0.00,0.00,'Present',0,0,0,0,0,0,1,'permUsedHours=0; rawWorkingHours=7.9',NULL,NULL,1,1,'2026-02-21 12:39:31','2026-02-21 12:39:31',NULL),(1767,9,1,9,2,'2026-01-06','09:00:00','17:00:00','2026-01-06 09:05:00','2026-01-06 17:06:00',2,2,8.02,0.00,0.02,'Present',0,0,0,0,0,0,1,'permUsedHours=0; rawWorkingHours=8.02',NULL,NULL,1,1,'2026-02-21 12:39:31','2026-02-21 12:39:31',NULL),(1768,9,1,9,2,'2026-01-07','09:00:00','17:00:00','2026-01-07 09:05:00','2026-01-07 16:54:00',2,2,7.82,0.00,0.00,'Present',0,0,0,0,0,0,1,'permUsedHours=0; rawWorkingHours=7.82',NULL,NULL,1,1,'2026-02-21 12:39:31','2026-02-21 12:39:31',NULL),(1769,10,1,10,2,'2026-01-06','09:00:00','17:00:00','2026-01-06 08:55:00','2026-01-06 17:06:00',2,2,8.18,0.00,0.18,'Present',0,0,0,0,0,0,1,'permUsedHours=0; rawWorkingHours=8.18',NULL,NULL,1,1,'2026-02-21 12:39:31','2026-02-21 12:39:31',NULL),(1770,10,1,10,2,'2026-01-07','09:00:00','17:00:00','2026-01-07 08:55:00','2026-01-07 16:54:00',2,2,7.98,0.00,0.00,'Present',0,0,0,0,0,0,1,'permUsedHours=0; rawWorkingHours=7.98',NULL,NULL,1,1,'2026-02-21 12:39:31','2026-02-21 12:39:31',NULL);
/*!40000 ALTER TABLE `attendance` ENABLE KEYS */;
UNLOCK TABLES;

--
-- Table structure for table `biometric_devices`
--

DROP TABLE IF EXISTS `biometric_devices`;
/*!40101 SET @saved_cs_client     = @@character_set_client */;
/*!50503 SET character_set_client = utf8mb4 */;
CREATE TABLE `biometric_devices` (
  `deviceId` int NOT NULL AUTO_INCREMENT,
  `name` varchar(100) NOT NULL COMMENT 'Device name / friendly name (e.g. "Main Gate Biometric")',
  `deviceIp` varchar(45) NOT NULL COMMENT 'IP address of the biometric device',
  `location` varchar(150) NOT NULL COMMENT 'Physical location / branch / floor / department',
  `status` enum('Active','Inactive','Maintenance','Offline') NOT NULL DEFAULT 'Active' COMMENT 'Current operational status of the device',
  `isAutoSyncEnabled` tinyint(1) NOT NULL DEFAULT '1' COMMENT 'Enable/disable automatic attendance sync (e.g. every 5–15 minutes)',
  `companyId` int NOT NULL,
  `createdBy` int DEFAULT NULL,
  `updatedBy` int DEFAULT NULL,
  `createdAt` datetime NOT NULL,
  `updatedAt` datetime NOT NULL,
  `deletedAt` datetime DEFAULT NULL,
  PRIMARY KEY (`deviceId`),
  UNIQUE KEY `deviceIp` (`deviceIp`),
  UNIQUE KEY `unique_company_device_ip` (`companyId`,`deviceIp`),
  UNIQUE KEY `deviceIp_2` (`deviceIp`),
  KEY `idx_device_status` (`status`),
  KEY `idx_company_status` (`companyId`,`status`),
  KEY `createdBy` (`createdBy`),
  KEY `updatedBy` (`updatedBy`),
  CONSTRAINT `biometric_devices_ibfk_1` FOREIGN KEY (`companyId`) REFERENCES `companies` (`companyId`) ON DELETE CASCADE ON UPDATE CASCADE,
  CONSTRAINT `biometric_devices_ibfk_2` FOREIGN KEY (`createdBy`) REFERENCES `users` (`userId`) ON DELETE SET NULL ON UPDATE CASCADE,
  CONSTRAINT `biometric_devices_ibfk_3` FOREIGN KEY (`updatedBy`) REFERENCES `users` (`userId`) ON DELETE SET NULL ON UPDATE CASCADE
) ENGINE=InnoDB AUTO_INCREMENT=3 DEFAULT CHARSET=utf8mb4 COLLATE=utf8mb4_0900_ai_ci;
/*!40101 SET character_set_client = @saved_cs_client */;

--
-- Dumping data for table `biometric_devices`
--

LOCK TABLES `biometric_devices` WRITE;
/*!40000 ALTER TABLE `biometric_devices` DISABLE KEYS */;
INSERT INTO `biometric_devices` VALUES (1,'NEC Main Gate Device','10.20.30.40','Main Gate','Active',1,1,NULL,NULL,'2026-02-20 07:25:55','2026-02-20 07:25:55',NULL),(2,'Seed Punch Device','10.10.10.10','Main Gate','Active',1,1,NULL,NULL,'2026-02-20 11:15:31','2026-02-20 11:15:31',NULL);
/*!40000 ALTER TABLE `biometric_devices` ENABLE KEYS */;
UNLOCK TABLES;

--
-- Table structure for table `biometric_punches`
--

DROP TABLE IF EXISTS `biometric_punches`;
/*!40101 SET @saved_cs_client     = @@character_set_client */;
/*!50503 SET character_set_client = utf8mb4 */;
CREATE TABLE `biometric_punches` (
  `punchId` int NOT NULL AUTO_INCREMENT,
  `staffId` int NOT NULL,
  `biometricDeviceId` int NOT NULL,
  `biometricNumber` varchar(50) NOT NULL COMMENT 'Enrollment ID / Biometric Number from device',
  `punchTimestamp` datetime NOT NULL COMMENT 'Exact timestamp when punch was recorded',
  `punchDate` date NOT NULL COMMENT 'Date part extracted for easier querying/indexing',
  `status` enum('Valid','Invalid','Duplicate','Pending') NOT NULL DEFAULT 'Valid' COMMENT 'Validation status of this punch record',
  `remarks` text,
  `companyId` int NOT NULL,
  `createdBy` int DEFAULT NULL,
  `createdAt` datetime NOT NULL,
  `updatedAt` datetime NOT NULL,
  `deletedAt` datetime DEFAULT NULL,
  PRIMARY KEY (`punchId`),
  KEY `idx_employee_punch_date` (`staffId`,`punchDate`),
  KEY `idx_employee_timestamp` (`staffId`,`punchTimestamp`),
  KEY `idx_company_date` (`companyId`,`punchDate`),
  KEY `idx_biometric_number_device` (`biometricNumber`,`biometricDeviceId`),
  KEY `idx_device_timestamp` (`biometricDeviceId`,`punchTimestamp`),
  KEY `idx_status` (`status`),
  KEY `createdBy` (`createdBy`),
  CONSTRAINT `biometric_punches_ibfk_1` FOREIGN KEY (`staffId`) REFERENCES `staff_details` (`staffId`) ON DELETE CASCADE ON UPDATE CASCADE,
  CONSTRAINT `biometric_punches_ibfk_2` FOREIGN KEY (`biometricDeviceId`) REFERENCES `biometric_devices` (`deviceId`) ON DELETE CASCADE ON UPDATE CASCADE,
  CONSTRAINT `biometric_punches_ibfk_3` FOREIGN KEY (`companyId`) REFERENCES `companies` (`companyId`) ON DELETE CASCADE ON UPDATE CASCADE,
  CONSTRAINT `biometric_punches_ibfk_4` FOREIGN KEY (`createdBy`) REFERENCES `users` (`userId`) ON DELETE SET NULL ON UPDATE CASCADE
) ENGINE=InnoDB AUTO_INCREMENT=2384 DEFAULT CHARSET=utf8mb4 COLLATE=utf8mb4_0900_ai_ci;
/*!40101 SET character_set_client = @saved_cs_client */;

--
-- Dumping data for table `biometric_punches`
--

LOCK TABLES `biometric_punches` WRITE;
/*!40000 ALTER TABLE `biometric_punches` DISABLE KEYS */;
INSERT INTO `biometric_punches` VALUES (1909,1,2,'BIO9000001','2026-01-02 08:55:00','2026-01-02','Valid','Seed Jan IN (Full-Day)',1,NULL,'2026-02-20 22:38:39','2026-02-20 22:38:39',NULL),(1910,1,2,'BIO9000001','2026-01-02 17:00:00','2026-01-02','Valid','Seed Jan OUT (Full-Day)',1,NULL,'2026-02-20 22:38:39','2026-02-20 22:38:39',NULL),(1911,1,2,'BIO9000001','2026-01-03 08:55:00','2026-01-03','Valid','Seed Jan IN (Full-Day)',1,NULL,'2026-02-20 22:38:39','2026-02-20 22:38:39',NULL),(1912,1,2,'BIO9000001','2026-01-03 17:06:00','2026-01-03','Valid','Seed Jan OUT (Full-Day)',1,NULL,'2026-02-20 22:38:39','2026-02-20 22:38:39',NULL),(1913,1,2,'BIO9000001','2026-01-05 08:55:00','2026-01-05','Valid','Seed Jan IN (Full-Day)',1,NULL,'2026-02-20 22:38:39','2026-02-20 22:38:39',NULL),(1914,1,2,'BIO9000001','2026-01-05 17:00:00','2026-01-05','Valid','Seed Jan OUT (Full-Day)',1,NULL,'2026-02-20 22:38:39','2026-02-20 22:38:39',NULL),(1915,1,2,'BIO9000001','2026-01-06 08:55:00','2026-01-06','Valid','Seed Jan IN (Half-Day)',1,NULL,'2026-02-20 22:38:39','2026-02-20 22:38:39',NULL),(1916,1,2,'BIO9000001','2026-01-06 12:55:00','2026-01-06','Valid','Seed Jan OUT (Half-Day)',1,NULL,'2026-02-20 22:38:39','2026-02-20 22:38:39',NULL),(1917,1,2,'BIO9000001','2026-01-07 08:55:00','2026-01-07','Valid','Seed Jan IN (Full-Day)',1,NULL,'2026-02-20 22:38:39','2026-02-20 22:38:39',NULL),(1918,1,2,'BIO9000001','2026-01-07 16:54:00','2026-01-07','Valid','Seed Jan OUT (Full-Day)',1,NULL,'2026-02-20 22:38:39','2026-02-20 22:38:39',NULL),(1919,1,2,'BIO9000001','2026-01-08 08:55:00','2026-01-08','Valid','Seed Jan IN (Full-Day)',1,NULL,'2026-02-20 22:38:39','2026-02-20 22:38:39',NULL),(1920,1,2,'BIO9000001','2026-01-09 08:55:00','2026-01-09','Valid','Seed Jan IN (Full-Day)',1,NULL,'2026-02-20 22:38:39','2026-02-20 22:38:39',NULL),(1921,1,2,'BIO9000001','2026-01-09 17:06:00','2026-01-09','Valid','Seed Jan OUT (Full-Day)',1,NULL,'2026-02-20 22:38:39','2026-02-20 22:38:39',NULL),(1922,1,2,'BIO9000001','2026-01-10 08:55:00','2026-01-10','Valid','Seed Jan IN (Full-Day)',1,NULL,'2026-02-20 22:38:39','2026-02-20 22:38:39',NULL),(1923,1,2,'BIO9000001','2026-01-10 16:54:00','2026-01-10','Valid','Seed Jan OUT (Full-Day)',1,NULL,'2026-02-20 22:38:39','2026-02-20 22:38:39',NULL),(1924,1,2,'BIO9000001','2026-01-12 08:55:00','2026-01-12','Valid','Seed Jan IN (Full-Day)',1,NULL,'2026-02-20 22:38:39','2026-02-20 22:38:39',NULL),(1925,1,2,'BIO9000001','2026-01-12 17:06:00','2026-01-12','Valid','Seed Jan OUT (Full-Day)',1,NULL,'2026-02-20 22:38:39','2026-02-20 22:38:39',NULL),(1926,1,2,'BIO9000001','2026-01-14 08:55:00','2026-01-14','Valid','Seed Jan IN (Full-Day)',1,NULL,'2026-02-20 22:38:39','2026-02-20 22:38:39',NULL),(1927,1,2,'BIO9000001','2026-01-14 17:00:00','2026-01-14','Valid','Seed Jan OUT (Full-Day)',1,NULL,'2026-02-20 22:38:39','2026-02-20 22:38:39',NULL),(1928,1,2,'BIO9000001','2026-01-15 08:55:00','2026-01-15','Valid','Seed Jan IN (Full-Day)',1,NULL,'2026-02-20 22:38:39','2026-02-20 22:38:39',NULL),(1929,1,2,'BIO9000001','2026-01-15 17:06:00','2026-01-15','Valid','Seed Jan OUT (Full-Day)',1,NULL,'2026-02-20 22:38:39','2026-02-20 22:38:39',NULL),(1930,1,2,'BIO9000001','2026-01-16 08:55:00','2026-01-16','Valid','Seed Jan IN (Full-Day)',1,NULL,'2026-02-20 22:38:39','2026-02-20 22:38:39',NULL),(1931,1,2,'BIO9000001','2026-01-16 16:54:00','2026-01-16','Valid','Seed Jan OUT (Full-Day)',1,NULL,'2026-02-20 22:38:39','2026-02-20 22:38:39',NULL),(1932,1,2,'BIO9000001','2026-01-17 08:55:00','2026-01-17','Valid','Seed Jan IN (Full-Day)',1,NULL,'2026-02-20 22:38:39','2026-02-20 22:38:39',NULL),(1933,1,2,'BIO9000001','2026-01-17 17:00:00','2026-01-17','Valid','Seed Jan OUT (Full-Day)',1,NULL,'2026-02-20 22:38:39','2026-02-20 22:38:39',NULL),(1934,1,2,'BIO9000001','2026-01-19 08:55:00','2026-01-19','Valid','Seed Jan IN (Full-Day)',1,NULL,'2026-02-20 22:38:39','2026-02-20 22:38:39',NULL),(1935,1,2,'BIO9000001','2026-01-19 16:54:00','2026-01-19','Valid','Seed Jan OUT (Full-Day)',1,NULL,'2026-02-20 22:38:39','2026-02-20 22:38:39',NULL),(1936,1,2,'BIO9000001','2026-01-20 08:55:00','2026-01-20','Valid','Seed Jan IN (Full-Day)',1,NULL,'2026-02-20 22:38:39','2026-02-20 22:38:39',NULL),(1937,1,2,'BIO9000001','2026-01-21 08:55:00','2026-01-21','Valid','Seed Jan IN (Full-Day)',1,NULL,'2026-02-20 22:38:39','2026-02-20 22:38:39',NULL),(1938,1,2,'BIO9000001','2026-01-21 17:06:00','2026-01-21','Valid','Seed Jan OUT (Full-Day)',1,NULL,'2026-02-20 22:38:39','2026-02-20 22:38:39',NULL),(1939,1,2,'BIO9000001','2026-01-22 08:55:00','2026-01-22','Valid','Seed Jan IN (Full-Day)',1,NULL,'2026-02-20 22:38:39','2026-02-20 22:38:39',NULL),(1940,1,2,'BIO9000001','2026-01-22 16:54:00','2026-01-22','Valid','Seed Jan OUT (Full-Day)',1,NULL,'2026-02-20 22:38:39','2026-02-20 22:38:39',NULL),(1941,1,2,'BIO9000001','2026-01-23 08:55:00','2026-01-23','Valid','Seed Jan IN (Full-Day)',1,NULL,'2026-02-20 22:38:39','2026-02-20 22:38:39',NULL),(1942,1,2,'BIO9000001','2026-01-23 17:00:00','2026-01-23','Valid','Seed Jan OUT (Full-Day)',1,NULL,'2026-02-20 22:38:39','2026-02-20 22:38:39',NULL),(1943,1,2,'BIO9000001','2026-01-24 08:55:00','2026-01-24','Valid','Seed Jan IN (Full-Day)',1,NULL,'2026-02-20 22:38:39','2026-02-20 22:38:39',NULL),(1944,1,2,'BIO9000001','2026-01-24 17:06:00','2026-01-24','Valid','Seed Jan OUT (Full-Day)',1,NULL,'2026-02-20 22:38:39','2026-02-20 22:38:39',NULL),(1945,1,2,'BIO9000001','2026-01-26 08:55:00','2026-01-26','Valid','Seed Jan IN (Full-Day)',1,NULL,'2026-02-20 22:38:39','2026-02-20 22:38:39',NULL),(1946,1,2,'BIO9000001','2026-01-26 17:00:00','2026-01-26','Valid','Seed Jan OUT (Full-Day)',1,NULL,'2026-02-20 22:38:39','2026-02-20 22:38:39',NULL),(1947,1,2,'BIO9000001','2026-01-27 08:55:00','2026-01-27','Valid','Seed Jan IN (Full-Day)',1,NULL,'2026-02-20 22:38:39','2026-02-20 22:38:39',NULL),(1948,1,2,'BIO9000001','2026-01-27 17:06:00','2026-01-27','Valid','Seed Jan OUT (Full-Day)',1,NULL,'2026-02-20 22:38:39','2026-02-20 22:38:39',NULL),(1949,1,2,'BIO9000001','2026-01-28 08:55:00','2026-01-28','Valid','Seed Jan IN (Full-Day)',1,NULL,'2026-02-20 22:38:39','2026-02-20 22:38:39',NULL),(1950,1,2,'BIO9000001','2026-01-28 16:54:00','2026-01-28','Valid','Seed Jan OUT (Full-Day)',1,NULL,'2026-02-20 22:38:39','2026-02-20 22:38:39',NULL),(1951,1,2,'BIO9000001','2026-01-29 08:55:00','2026-01-29','Valid','Seed Jan IN (Full-Day)',1,NULL,'2026-02-20 22:38:39','2026-02-20 22:38:39',NULL),(1952,1,2,'BIO9000001','2026-01-29 17:00:00','2026-01-29','Valid','Seed Jan OUT (Full-Day)',1,NULL,'2026-02-20 22:38:39','2026-02-20 22:38:39',NULL),(1953,1,2,'BIO9000001','2026-01-30 08:55:00','2026-01-30','Valid','Seed Jan IN (Half-Day)',1,NULL,'2026-02-20 22:38:39','2026-02-20 22:38:39',NULL),(1954,1,2,'BIO9000001','2026-01-30 12:55:00','2026-01-30','Valid','Seed Jan OUT (Half-Day)',1,NULL,'2026-02-20 22:38:39','2026-02-20 22:38:39',NULL),(1955,1,2,'BIO9000001','2026-01-31 08:55:00','2026-01-31','Valid','Seed Jan IN (Full-Day)',1,NULL,'2026-02-20 22:38:39','2026-02-20 22:38:39',NULL),(1956,1,2,'BIO9000001','2026-01-31 16:54:00','2026-01-31','Valid','Seed Jan OUT (Full-Day)',1,NULL,'2026-02-20 22:38:39','2026-02-20 22:38:39',NULL),(1957,2,2,'BIO9000002','2026-01-01 22:00:00','2026-01-01','Valid','Seed Jan IN (Full-Day)',1,NULL,'2026-02-20 22:38:39','2026-02-20 22:38:39',NULL),(1958,2,2,'BIO9000002','2026-01-02 05:54:00','2026-01-02','Valid','Seed Jan OUT (Full-Day)',1,NULL,'2026-02-20 22:38:39','2026-02-20 22:38:39',NULL),(1959,2,2,'BIO9000002','2026-01-02 22:00:00','2026-01-02','Valid','Seed Jan IN (Full-Day)',1,NULL,'2026-02-20 22:38:39','2026-02-20 22:38:39',NULL),(1960,2,2,'BIO9000002','2026-01-03 06:00:00','2026-01-03','Valid','Seed Jan OUT (Full-Day)',1,NULL,'2026-02-20 22:38:39','2026-02-20 22:38:39',NULL),(1961,2,2,'BIO9000002','2026-01-03 22:00:00','2026-01-03','Valid','Seed Jan IN (Full-Day)',1,NULL,'2026-02-20 22:38:39','2026-02-20 22:38:39',NULL),(1962,2,2,'BIO9000002','2026-01-04 06:06:00','2026-01-04','Valid','Seed Jan OUT (Full-Day)',1,NULL,'2026-02-20 22:38:39','2026-02-20 22:38:39',NULL),(1963,2,2,'BIO9000002','2026-01-05 22:00:00','2026-01-05','Valid','Seed Jan IN (Half-Day)',1,NULL,'2026-02-20 22:38:39','2026-02-20 22:38:39',NULL),(1964,2,2,'BIO9000002','2026-01-06 02:00:00','2026-01-06','Valid','Seed Jan OUT (Half-Day)',1,NULL,'2026-02-20 22:38:39','2026-02-20 22:38:39',NULL),(1965,2,2,'BIO9000002','2026-01-06 22:00:00','2026-01-06','Valid','Seed Jan IN (Full-Day)',1,NULL,'2026-02-20 22:38:39','2026-02-20 22:38:39',NULL),(1966,2,2,'BIO9000002','2026-01-07 06:06:00','2026-01-07','Valid','Seed Jan OUT (Full-Day)',1,NULL,'2026-02-20 22:38:39','2026-02-20 22:38:39',NULL),(1967,2,2,'BIO9000002','2026-01-07 22:00:00','2026-01-07','Valid','Seed Jan IN (Full-Day)',1,NULL,'2026-02-20 22:38:39','2026-02-20 22:38:39',NULL),(1968,2,2,'BIO9000002','2026-01-08 22:00:00','2026-01-08','Valid','Seed Jan IN (Full-Day)',1,NULL,'2026-02-20 22:38:39','2026-02-20 22:38:39',NULL),(1969,2,2,'BIO9000002','2026-01-09 06:00:00','2026-01-09','Valid','Seed Jan OUT (Full-Day)',1,NULL,'2026-02-20 22:38:39','2026-02-20 22:38:39',NULL),(1970,2,2,'BIO9000002','2026-01-09 22:00:00','2026-01-09','Valid','Seed Jan IN (Full-Day)',1,NULL,'2026-02-20 22:38:39','2026-02-20 22:38:39',NULL),(1971,2,2,'BIO9000002','2026-01-10 06:06:00','2026-01-10','Valid','Seed Jan OUT (Full-Day)',1,NULL,'2026-02-20 22:38:39','2026-02-20 22:38:39',NULL),(1972,2,2,'BIO9000002','2026-01-10 22:00:00','2026-01-10','Valid','Seed Jan IN (Full-Day)',1,NULL,'2026-02-20 22:38:39','2026-02-20 22:38:39',NULL),(1973,2,2,'BIO9000002','2026-01-11 05:54:00','2026-01-11','Valid','Seed Jan OUT (Full-Day)',1,NULL,'2026-02-20 22:38:39','2026-02-20 22:38:39',NULL),(1974,2,2,'BIO9000002','2026-01-13 22:00:00','2026-01-13','Valid','Seed Jan IN (Full-Day)',1,NULL,'2026-02-20 22:38:39','2026-02-20 22:38:39',NULL),(1975,2,2,'BIO9000002','2026-01-14 05:54:00','2026-01-14','Valid','Seed Jan OUT (Full-Day)',1,NULL,'2026-02-20 22:38:39','2026-02-20 22:38:39',NULL),(1976,2,2,'BIO9000002','2026-01-14 22:00:00','2026-01-14','Valid','Seed Jan IN (Full-Day)',1,NULL,'2026-02-20 22:38:39','2026-02-20 22:38:39',NULL),(1977,2,2,'BIO9000002','2026-01-15 06:00:00','2026-01-15','Valid','Seed Jan OUT (Full-Day)',1,NULL,'2026-02-20 22:38:39','2026-02-20 22:38:39',NULL),(1978,2,2,'BIO9000002','2026-01-15 22:00:00','2026-01-15','Valid','Seed Jan IN (Full-Day)',1,NULL,'2026-02-20 22:38:39','2026-02-20 22:38:39',NULL),(1979,2,2,'BIO9000002','2026-01-16 06:06:00','2026-01-16','Valid','Seed Jan OUT (Full-Day)',1,NULL,'2026-02-20 22:38:39','2026-02-20 22:38:39',NULL),(1980,2,2,'BIO9000002','2026-01-16 22:00:00','2026-01-16','Valid','Seed Jan IN (Full-Day)',1,NULL,'2026-02-20 22:38:39','2026-02-20 22:38:39',NULL),(1981,2,2,'BIO9000002','2026-01-17 05:54:00','2026-01-17','Valid','Seed Jan OUT (Full-Day)',1,NULL,'2026-02-20 22:38:39','2026-02-20 22:38:39',NULL),(1982,2,2,'BIO9000002','2026-01-17 22:00:00','2026-01-17','Valid','Seed Jan IN (Half-Day)',1,NULL,'2026-02-20 22:38:39','2026-02-20 22:38:39',NULL),(1983,2,2,'BIO9000002','2026-01-18 02:00:00','2026-01-18','Valid','Seed Jan OUT (Half-Day)',1,NULL,'2026-02-20 22:38:39','2026-02-20 22:38:39',NULL),(1984,2,2,'BIO9000002','2026-01-19 22:00:00','2026-01-19','Valid','Seed Jan IN (Full-Day)',1,NULL,'2026-02-20 22:38:39','2026-02-20 22:38:39',NULL),(1985,2,2,'BIO9000002','2026-01-20 22:00:00','2026-01-20','Valid','Seed Jan IN (Full-Day)',1,NULL,'2026-02-20 22:38:39','2026-02-20 22:38:39',NULL),(1986,2,2,'BIO9000002','2026-01-21 06:00:00','2026-01-21','Valid','Seed Jan OUT (Full-Day)',1,NULL,'2026-02-20 22:38:39','2026-02-20 22:38:39',NULL),(1987,2,2,'BIO9000002','2026-01-21 22:00:00','2026-01-21','Valid','Seed Jan IN (Full-Day)',1,NULL,'2026-02-20 22:38:39','2026-02-20 22:38:39',NULL),(1988,2,2,'BIO9000002','2026-01-22 06:06:00','2026-01-22','Valid','Seed Jan OUT (Full-Day)',1,NULL,'2026-02-20 22:38:39','2026-02-20 22:38:39',NULL),(1989,2,2,'BIO9000002','2026-01-22 22:00:00','2026-01-22','Valid','Seed Jan IN (Full-Day)',1,NULL,'2026-02-20 22:38:40','2026-02-20 22:38:40',NULL),(1990,2,2,'BIO9000002','2026-01-23 05:54:00','2026-01-23','Valid','Seed Jan OUT (Full-Day)',1,NULL,'2026-02-20 22:38:40','2026-02-20 22:38:40',NULL),(1991,2,2,'BIO9000002','2026-01-23 22:00:00','2026-01-23','Valid','Seed Jan IN (Full-Day)',1,NULL,'2026-02-20 22:38:40','2026-02-20 22:38:40',NULL),(1992,2,2,'BIO9000002','2026-01-24 06:00:00','2026-01-24','Valid','Seed Jan OUT (Full-Day)',1,NULL,'2026-02-20 22:38:40','2026-02-20 22:38:40',NULL),(1993,2,2,'BIO9000002','2026-01-26 22:00:00','2026-01-26','Valid','Seed Jan IN (Full-Day)',1,NULL,'2026-02-20 22:38:40','2026-02-20 22:38:40',NULL),(1994,2,2,'BIO9000002','2026-01-27 06:00:00','2026-01-27','Valid','Seed Jan OUT (Full-Day)',1,NULL,'2026-02-20 22:38:40','2026-02-20 22:38:40',NULL),(1995,2,2,'BIO9000002','2026-01-27 22:00:00','2026-01-27','Valid','Seed Jan IN (Full-Day)',1,NULL,'2026-02-20 22:38:40','2026-02-20 22:38:40',NULL),(1996,2,2,'BIO9000002','2026-01-28 06:06:00','2026-01-28','Valid','Seed Jan OUT (Full-Day)',1,NULL,'2026-02-20 22:38:40','2026-02-20 22:38:40',NULL),(1997,2,2,'BIO9000002','2026-01-28 22:00:00','2026-01-28','Valid','Seed Jan IN (Full-Day)',1,NULL,'2026-02-20 22:38:40','2026-02-20 22:38:40',NULL),(1998,2,2,'BIO9000002','2026-01-29 05:54:00','2026-01-29','Valid','Seed Jan OUT (Full-Day)',1,NULL,'2026-02-20 22:38:40','2026-02-20 22:38:40',NULL),(1999,2,2,'BIO9000002','2026-01-29 22:00:00','2026-01-29','Valid','Seed Jan IN (Half-Day)',1,NULL,'2026-02-20 22:38:40','2026-02-20 22:38:40',NULL),(2000,2,2,'BIO9000002','2026-01-30 02:00:00','2026-01-30','Valid','Seed Jan OUT (Half-Day)',1,NULL,'2026-02-20 22:38:40','2026-02-20 22:38:40',NULL),(2001,2,2,'BIO9000002','2026-01-30 22:00:00','2026-01-30','Valid','Seed Jan IN (Full-Day)',1,NULL,'2026-02-20 22:38:40','2026-02-20 22:38:40',NULL),(2002,2,2,'BIO9000002','2026-01-31 06:06:00','2026-01-31','Valid','Seed Jan OUT (Full-Day)',1,NULL,'2026-02-20 22:38:40','2026-02-20 22:38:40',NULL),(2003,2,2,'BIO9000002','2026-01-31 22:00:00','2026-01-31','Valid','Seed Jan IN (Full-Day)',1,NULL,'2026-02-20 22:38:40','2026-02-20 22:38:40',NULL),(2004,3,2,'BIO9000003','2026-01-01 09:35:00','2026-01-01','Valid','Seed Jan IN (Full-Day)',1,NULL,'2026-02-20 22:38:40','2026-02-20 22:38:40',NULL),(2005,3,2,'BIO9000003','2026-01-01 16:24:00','2026-01-01','Valid','Seed Jan OUT (Full-Day)',1,NULL,'2026-02-20 22:38:40','2026-02-20 22:38:40',NULL),(2006,3,2,'BIO9000003','2026-01-02 09:35:00','2026-01-02','Valid','Seed Jan IN (Full-Day)',1,NULL,'2026-02-20 22:38:40','2026-02-20 22:38:40',NULL),(2007,3,2,'BIO9000003','2026-01-02 16:30:00','2026-01-02','Valid','Seed Jan OUT (Full-Day)',1,NULL,'2026-02-20 22:38:40','2026-02-20 22:38:40',NULL),(2008,3,2,'BIO9000003','2026-01-03 09:35:00','2026-01-03','Valid','Seed Jan IN (Full-Day)',1,NULL,'2026-02-20 22:38:40','2026-02-20 22:38:40',NULL),(2009,3,2,'BIO9000003','2026-01-03 16:36:00','2026-01-03','Valid','Seed Jan OUT (Full-Day)',1,NULL,'2026-02-20 22:38:40','2026-02-20 22:38:40',NULL),(2010,3,2,'BIO9000003','2026-01-05 09:35:00','2026-01-05','Valid','Seed Jan IN (Full-Day)',1,NULL,'2026-02-20 22:38:40','2026-02-20 22:38:40',NULL),(2011,3,2,'BIO9000003','2026-01-05 16:30:00','2026-01-05','Valid','Seed Jan OUT (Full-Day)',1,NULL,'2026-02-20 22:38:40','2026-02-20 22:38:40',NULL),(2012,3,2,'BIO9000003','2026-01-06 09:35:00','2026-01-06','Valid','Seed Jan IN (Full-Day)',1,NULL,'2026-02-20 22:38:40','2026-02-20 22:38:40',NULL),(2013,3,2,'BIO9000003','2026-01-07 09:35:00','2026-01-07','Valid','Seed Jan IN (Full-Day)',1,NULL,'2026-02-20 22:38:40','2026-02-20 22:38:40',NULL),(2014,3,2,'BIO9000003','2026-01-07 16:24:00','2026-01-07','Valid','Seed Jan OUT (Full-Day)',1,NULL,'2026-02-20 22:38:40','2026-02-20 22:38:40',NULL),(2015,3,2,'BIO9000003','2026-01-08 09:35:00','2026-01-08','Valid','Seed Jan IN (Full-Day)',1,NULL,'2026-02-20 22:38:40','2026-02-20 22:38:40',NULL),(2016,3,2,'BIO9000003','2026-01-08 16:30:00','2026-01-08','Valid','Seed Jan OUT (Full-Day)',1,NULL,'2026-02-20 22:38:40','2026-02-20 22:38:40',NULL),(2017,3,2,'BIO9000003','2026-01-09 09:35:00','2026-01-09','Valid','Seed Jan IN (Full-Day)',1,NULL,'2026-02-20 22:38:40','2026-02-20 22:38:40',NULL),(2018,3,2,'BIO9000003','2026-01-09 16:36:00','2026-01-09','Valid','Seed Jan OUT (Full-Day)',1,NULL,'2026-02-20 22:38:40','2026-02-20 22:38:40',NULL),(2019,3,2,'BIO9000003','2026-01-10 09:35:00','2026-01-10','Valid','Seed Jan IN (Full-Day)',1,NULL,'2026-02-20 22:38:40','2026-02-20 22:38:40',NULL),(2020,3,2,'BIO9000003','2026-01-10 16:24:00','2026-01-10','Valid','Seed Jan OUT (Full-Day)',1,NULL,'2026-02-20 22:38:40','2026-02-20 22:38:40',NULL),(2021,3,2,'BIO9000003','2026-01-12 09:35:00','2026-01-12','Valid','Seed Jan IN (Full-Day)',1,NULL,'2026-02-20 22:38:40','2026-02-20 22:38:40',NULL),(2022,3,2,'BIO9000003','2026-01-12 16:36:00','2026-01-12','Valid','Seed Jan OUT (Full-Day)',1,NULL,'2026-02-20 22:38:40','2026-02-20 22:38:40',NULL),(2023,3,2,'BIO9000003','2026-01-13 09:35:00','2026-01-13','Valid','Seed Jan IN (Full-Day)',1,NULL,'2026-02-20 22:38:40','2026-02-20 22:38:40',NULL),(2024,3,2,'BIO9000003','2026-01-13 16:24:00','2026-01-13','Valid','Seed Jan OUT (Full-Day)',1,NULL,'2026-02-20 22:38:40','2026-02-20 22:38:40',NULL),(2025,3,2,'BIO9000003','2026-01-14 09:35:00','2026-01-14','Valid','Seed Jan IN (Full-Day)',1,NULL,'2026-02-20 22:38:40','2026-02-20 22:38:40',NULL),(2026,3,2,'BIO9000003','2026-01-14 16:30:00','2026-01-14','Valid','Seed Jan OUT (Full-Day)',1,NULL,'2026-02-20 22:38:40','2026-02-20 22:38:40',NULL),(2027,3,2,'BIO9000003','2026-01-15 09:35:00','2026-01-15','Valid','Seed Jan IN (Full-Day)',1,NULL,'2026-02-20 22:38:40','2026-02-20 22:38:40',NULL),(2028,3,2,'BIO9000003','2026-01-15 16:36:00','2026-01-15','Valid','Seed Jan OUT (Full-Day)',1,NULL,'2026-02-20 22:38:40','2026-02-20 22:38:40',NULL),(2029,3,2,'BIO9000003','2026-01-16 09:35:00','2026-01-16','Valid','Seed Jan IN (Half-Day)',1,NULL,'2026-02-20 22:38:40','2026-02-20 22:38:40',NULL),(2030,3,2,'BIO9000003','2026-01-16 13:35:00','2026-01-16','Valid','Seed Jan OUT (Half-Day)',1,NULL,'2026-02-20 22:38:40','2026-02-20 22:38:40',NULL),(2031,3,2,'BIO9000003','2026-01-17 09:35:00','2026-01-17','Valid','Seed Jan IN (Full-Day)',1,NULL,'2026-02-20 22:38:40','2026-02-20 22:38:40',NULL),(2032,3,2,'BIO9000003','2026-01-17 16:30:00','2026-01-17','Valid','Seed Jan OUT (Full-Day)',1,NULL,'2026-02-20 22:38:40','2026-02-20 22:38:40',NULL),(2033,3,2,'BIO9000003','2026-01-19 09:35:00','2026-01-19','Valid','Seed Jan IN (Full-Day)',1,NULL,'2026-02-20 22:38:40','2026-02-20 22:38:40',NULL),(2034,3,2,'BIO9000003','2026-01-19 16:24:00','2026-01-19','Valid','Seed Jan OUT (Full-Day)',1,NULL,'2026-02-20 22:38:40','2026-02-20 22:38:40',NULL),(2035,3,2,'BIO9000003','2026-01-20 09:35:00','2026-01-20','Valid','Seed Jan IN (Full-Day)',1,NULL,'2026-02-20 22:38:40','2026-02-20 22:38:40',NULL),(2036,3,2,'BIO9000003','2026-01-20 16:30:00','2026-01-20','Valid','Seed Jan OUT (Full-Day)',1,NULL,'2026-02-20 22:38:40','2026-02-20 22:38:40',NULL),(2037,3,2,'BIO9000003','2026-01-21 09:35:00','2026-01-21','Valid','Seed Jan IN (Full-Day)',1,NULL,'2026-02-20 22:38:40','2026-02-20 22:38:40',NULL),(2038,3,2,'BIO9000003','2026-01-21 16:36:00','2026-01-21','Valid','Seed Jan OUT (Full-Day)',1,NULL,'2026-02-20 22:38:40','2026-02-20 22:38:40',NULL),(2039,3,2,'BIO9000003','2026-01-22 09:35:00','2026-01-22','Valid','Seed Jan IN (Full-Day)',1,NULL,'2026-02-20 22:38:40','2026-02-20 22:38:40',NULL),(2040,3,2,'BIO9000003','2026-01-22 16:24:00','2026-01-22','Valid','Seed Jan OUT (Full-Day)',1,NULL,'2026-02-20 22:38:40','2026-02-20 22:38:40',NULL),(2041,3,2,'BIO9000003','2026-01-24 09:35:00','2026-01-24','Valid','Seed Jan IN (Full-Day)',1,NULL,'2026-02-20 22:38:40','2026-02-20 22:38:40',NULL),(2042,3,2,'BIO9000003','2026-01-24 16:36:00','2026-01-24','Valid','Seed Jan OUT (Full-Day)',1,NULL,'2026-02-20 22:38:40','2026-02-20 22:38:40',NULL),(2043,3,2,'BIO9000003','2026-01-26 09:35:00','2026-01-26','Valid','Seed Jan IN (Full-Day)',1,NULL,'2026-02-20 22:38:40','2026-02-20 22:38:40',NULL),(2044,3,2,'BIO9000003','2026-01-26 16:30:00','2026-01-26','Valid','Seed Jan OUT (Full-Day)',1,NULL,'2026-02-20 22:38:40','2026-02-20 22:38:40',NULL),(2045,3,2,'BIO9000003','2026-01-27 09:35:00','2026-01-27','Valid','Seed Jan IN (Full-Day)',1,NULL,'2026-02-20 22:38:40','2026-02-20 22:38:40',NULL),(2046,3,2,'BIO9000003','2026-01-27 16:36:00','2026-01-27','Valid','Seed Jan OUT (Full-Day)',1,NULL,'2026-02-20 22:38:40','2026-02-20 22:38:40',NULL),(2047,3,2,'BIO9000003','2026-01-28 09:35:00','2026-01-28','Valid','Seed Jan IN (Half-Day)',1,NULL,'2026-02-20 22:38:40','2026-02-20 22:38:40',NULL),(2048,3,2,'BIO9000003','2026-01-28 13:35:00','2026-01-28','Valid','Seed Jan OUT (Half-Day)',1,NULL,'2026-02-20 22:38:40','2026-02-20 22:38:40',NULL),(2049,3,2,'BIO9000003','2026-01-29 09:35:00','2026-01-29','Valid','Seed Jan IN (Full-Day)',1,NULL,'2026-02-20 22:38:40','2026-02-20 22:38:40',NULL),(2050,3,2,'BIO9000003','2026-01-29 16:30:00','2026-01-29','Valid','Seed Jan OUT (Full-Day)',1,NULL,'2026-02-20 22:38:40','2026-02-20 22:38:40',NULL),(2051,3,2,'BIO9000003','2026-01-30 09:35:00','2026-01-30','Valid','Seed Jan IN (Full-Day)',1,NULL,'2026-02-20 22:38:40','2026-02-20 22:38:40',NULL),(2052,3,2,'BIO9000003','2026-01-31 09:35:00','2026-01-31','Valid','Seed Jan IN (Full-Day)',1,NULL,'2026-02-20 22:38:40','2026-02-20 22:38:40',NULL),(2053,3,2,'BIO9000003','2026-01-31 16:24:00','2026-01-31','Valid','Seed Jan OUT (Full-Day)',1,NULL,'2026-02-20 22:38:40','2026-02-20 22:38:40',NULL),(2054,4,2,'BIO9000004','2026-01-01 09:25:00','2026-01-01','Valid','Seed Jan IN (Full-Day)',1,NULL,'2026-02-20 22:38:40','2026-02-20 22:38:40',NULL),(2055,4,2,'BIO9000004','2026-01-01 16:24:00','2026-01-01','Valid','Seed Jan OUT (Full-Day)',1,NULL,'2026-02-20 22:38:40','2026-02-20 22:38:40',NULL),(2056,4,2,'BIO9000004','2026-01-02 09:25:00','2026-01-02','Valid','Seed Jan IN (Full-Day)',1,NULL,'2026-02-20 22:38:40','2026-02-20 22:38:40',NULL),(2057,4,2,'BIO9000004','2026-01-02 16:30:00','2026-01-02','Valid','Seed Jan OUT (Full-Day)',1,NULL,'2026-02-20 22:38:40','2026-02-20 22:38:40',NULL),(2058,4,2,'BIO9000004','2026-01-03 09:25:00','2026-01-03','Valid','Seed Jan IN (Half-Day)',1,NULL,'2026-02-20 22:38:40','2026-02-20 22:38:40',NULL),(2059,4,2,'BIO9000004','2026-01-03 13:25:00','2026-01-03','Valid','Seed Jan OUT (Half-Day)',1,NULL,'2026-02-20 22:38:40','2026-02-20 22:38:40',NULL),(2060,4,2,'BIO9000004','2026-01-05 09:25:00','2026-01-05','Valid','Seed Jan IN (Full-Day)',1,NULL,'2026-02-20 22:38:40','2026-02-20 22:38:40',NULL),(2061,4,2,'BIO9000004','2026-01-06 09:25:00','2026-01-06','Valid','Seed Jan IN (Full-Day)',1,NULL,'2026-02-20 22:38:40','2026-02-20 22:38:40',NULL),(2062,4,2,'BIO9000004','2026-01-06 16:36:00','2026-01-06','Valid','Seed Jan OUT (Full-Day)',1,NULL,'2026-02-20 22:38:40','2026-02-20 22:38:40',NULL),(2063,4,2,'BIO9000004','2026-01-07 09:25:00','2026-01-07','Valid','Seed Jan IN (Full-Day)',1,NULL,'2026-02-20 22:38:40','2026-02-20 22:38:40',NULL),(2064,4,2,'BIO9000004','2026-01-07 16:24:00','2026-01-07','Valid','Seed Jan OUT (Full-Day)',1,NULL,'2026-02-20 22:38:40','2026-02-20 22:38:40',NULL),(2065,4,2,'BIO9000004','2026-01-08 09:25:00','2026-01-08','Valid','Seed Jan IN (Full-Day)',1,NULL,'2026-02-20 22:38:40','2026-02-20 22:38:40',NULL),(2066,4,2,'BIO9000004','2026-01-08 16:30:00','2026-01-08','Valid','Seed Jan OUT (Full-Day)',1,NULL,'2026-02-20 22:38:40','2026-02-20 22:38:40',NULL),(2067,4,2,'BIO9000004','2026-01-09 09:25:00','2026-01-09','Valid','Seed Jan IN (Full-Day)',1,NULL,'2026-02-20 22:38:40','2026-02-20 22:38:40',NULL),(2068,4,2,'BIO9000004','2026-01-09 16:36:00','2026-01-09','Valid','Seed Jan OUT (Full-Day)',1,NULL,'2026-02-20 22:38:40','2026-02-20 22:38:40',NULL),(2069,4,2,'BIO9000004','2026-01-12 09:25:00','2026-01-12','Valid','Seed Jan IN (Full-Day)',1,NULL,'2026-02-20 22:38:40','2026-02-20 22:38:40',NULL),(2070,4,2,'BIO9000004','2026-01-12 16:36:00','2026-01-12','Valid','Seed Jan OUT (Full-Day)',1,NULL,'2026-02-20 22:38:40','2026-02-20 22:38:40',NULL),(2071,4,2,'BIO9000004','2026-01-13 09:25:00','2026-01-13','Valid','Seed Jan IN (Full-Day)',1,NULL,'2026-02-20 22:38:40','2026-02-20 22:38:40',NULL),(2072,4,2,'BIO9000004','2026-01-13 16:24:00','2026-01-13','Valid','Seed Jan OUT (Full-Day)',1,NULL,'2026-02-20 22:38:40','2026-02-20 22:38:40',NULL),(2073,4,2,'BIO9000004','2026-01-14 09:25:00','2026-01-14','Valid','Seed Jan IN (Full-Day)',1,NULL,'2026-02-20 22:38:40','2026-02-20 22:38:40',NULL),(2074,4,2,'BIO9000004','2026-01-14 16:30:00','2026-01-14','Valid','Seed Jan OUT (Full-Day)',1,NULL,'2026-02-20 22:38:40','2026-02-20 22:38:40',NULL),(2075,4,2,'BIO9000004','2026-01-15 09:25:00','2026-01-15','Valid','Seed Jan IN (Half-Day)',1,NULL,'2026-02-20 22:38:40','2026-02-20 22:38:40',NULL),(2076,4,2,'BIO9000004','2026-01-15 13:25:00','2026-01-15','Valid','Seed Jan OUT (Half-Day)',1,NULL,'2026-02-20 22:38:40','2026-02-20 22:38:40',NULL),(2077,4,2,'BIO9000004','2026-01-16 09:25:00','2026-01-16','Valid','Seed Jan IN (Full-Day)',1,NULL,'2026-02-20 22:38:40','2026-02-20 22:38:40',NULL),(2078,4,2,'BIO9000004','2026-01-16 16:24:00','2026-01-16','Valid','Seed Jan OUT (Full-Day)',1,NULL,'2026-02-20 22:38:40','2026-02-20 22:38:40',NULL),(2079,4,2,'BIO9000004','2026-01-17 09:25:00','2026-01-17','Valid','Seed Jan IN (Full-Day)',1,NULL,'2026-02-20 22:38:40','2026-02-20 22:38:40',NULL),(2080,4,2,'BIO9000004','2026-01-19 09:25:00','2026-01-19','Valid','Seed Jan IN (Full-Day)',1,NULL,'2026-02-20 22:38:40','2026-02-20 22:38:40',NULL),(2081,4,2,'BIO9000004','2026-01-19 16:24:00','2026-01-19','Valid','Seed Jan OUT (Full-Day)',1,NULL,'2026-02-20 22:38:40','2026-02-20 22:38:40',NULL),(2082,4,2,'BIO9000004','2026-01-20 09:25:00','2026-01-20','Valid','Seed Jan IN (Full-Day)',1,NULL,'2026-02-20 22:38:40','2026-02-20 22:38:40',NULL),(2083,4,2,'BIO9000004','2026-01-20 16:30:00','2026-01-20','Valid','Seed Jan OUT (Full-Day)',1,NULL,'2026-02-20 22:38:40','2026-02-20 22:38:40',NULL),(2084,4,2,'BIO9000004','2026-01-21 09:25:00','2026-01-21','Valid','Seed Jan IN (Full-Day)',1,NULL,'2026-02-20 22:38:40','2026-02-20 22:38:40',NULL),(2085,4,2,'BIO9000004','2026-01-21 16:36:00','2026-01-21','Valid','Seed Jan OUT (Full-Day)',1,NULL,'2026-02-20 22:38:40','2026-02-20 22:38:40',NULL),(2086,4,2,'BIO9000004','2026-01-23 09:25:00','2026-01-23','Valid','Seed Jan IN (Full-Day)',1,NULL,'2026-02-20 22:38:40','2026-02-20 22:38:40',NULL),(2087,4,2,'BIO9000004','2026-01-23 16:30:00','2026-01-23','Valid','Seed Jan OUT (Full-Day)',1,NULL,'2026-02-20 22:38:40','2026-02-20 22:38:40',NULL),(2088,4,2,'BIO9000004','2026-01-24 09:25:00','2026-01-24','Valid','Seed Jan IN (Full-Day)',1,NULL,'2026-02-20 22:38:40','2026-02-20 22:38:40',NULL),(2089,4,2,'BIO9000004','2026-01-24 16:36:00','2026-01-24','Valid','Seed Jan OUT (Full-Day)',1,NULL,'2026-02-20 22:38:40','2026-02-20 22:38:40',NULL),(2090,4,2,'BIO9000004','2026-01-26 09:25:00','2026-01-26','Valid','Seed Jan IN (Full-Day)',1,NULL,'2026-02-20 22:38:40','2026-02-20 22:38:40',NULL),(2091,4,2,'BIO9000004','2026-01-26 16:30:00','2026-01-26','Valid','Seed Jan OUT (Full-Day)',1,NULL,'2026-02-20 22:38:40','2026-02-20 22:38:40',NULL),(2092,4,2,'BIO9000004','2026-01-27 09:25:00','2026-01-27','Valid','Seed Jan IN (Half-Day)',1,NULL,'2026-02-20 22:38:40','2026-02-20 22:38:40',NULL),(2093,4,2,'BIO9000004','2026-01-27 13:25:00','2026-01-27','Valid','Seed Jan OUT (Half-Day)',1,NULL,'2026-02-20 22:38:40','2026-02-20 22:38:40',NULL),(2094,4,2,'BIO9000004','2026-01-28 09:25:00','2026-01-28','Valid','Seed Jan IN (Full-Day)',1,NULL,'2026-02-20 22:38:40','2026-02-20 22:38:40',NULL),(2095,4,2,'BIO9000004','2026-01-28 16:24:00','2026-01-28','Valid','Seed Jan OUT (Full-Day)',1,NULL,'2026-02-20 22:38:40','2026-02-20 22:38:40',NULL),(2096,4,2,'BIO9000004','2026-01-29 09:25:00','2026-01-29','Valid','Seed Jan IN (Full-Day)',1,NULL,'2026-02-20 22:38:40','2026-02-20 22:38:40',NULL),(2097,4,2,'BIO9000004','2026-01-30 09:25:00','2026-01-30','Valid','Seed Jan IN (Full-Day)',1,NULL,'2026-02-20 22:38:40','2026-02-20 22:38:40',NULL),(2098,4,2,'BIO9000004','2026-01-30 16:36:00','2026-01-30','Valid','Seed Jan OUT (Full-Day)',1,NULL,'2026-02-20 22:38:40','2026-02-20 22:38:40',NULL),(2099,4,2,'BIO9000004','2026-01-31 09:25:00','2026-01-31','Valid','Seed Jan IN (Full-Day)',1,NULL,'2026-02-20 22:38:40','2026-02-20 22:38:40',NULL),(2100,4,2,'BIO9000004','2026-01-31 16:24:00','2026-01-31','Valid','Seed Jan OUT (Full-Day)',1,NULL,'2026-02-20 22:38:40','2026-02-20 22:38:40',NULL),(2101,5,2,'BIO9000005','2026-01-01 09:30:00','2026-01-01','Valid','Seed Jan IN (Full-Day)',1,NULL,'2026-02-20 22:38:40','2026-02-20 22:38:40',NULL),(2102,5,2,'BIO9000005','2026-01-01 16:24:00','2026-01-01','Valid','Seed Jan OUT (Full-Day)',1,NULL,'2026-02-20 22:38:40','2026-02-20 22:38:40',NULL),(2103,5,2,'BIO9000005','2026-01-02 09:30:00','2026-01-02','Valid','Seed Jan IN (Half-Day)',1,NULL,'2026-02-20 22:38:40','2026-02-20 22:38:40',NULL),(2104,5,2,'BIO9000005','2026-01-02 13:30:00','2026-01-02','Valid','Seed Jan OUT (Half-Day)',1,NULL,'2026-02-20 22:38:40','2026-02-20 22:38:40',NULL),(2105,5,2,'BIO9000005','2026-01-03 09:30:00','2026-01-03','Valid','Seed Jan IN (Full-Day)',1,NULL,'2026-02-20 22:38:40','2026-02-20 22:38:40',NULL),(2106,5,2,'BIO9000005','2026-01-03 16:36:00','2026-01-03','Valid','Seed Jan OUT (Full-Day)',1,NULL,'2026-02-20 22:38:40','2026-02-20 22:38:40',NULL),(2107,5,2,'BIO9000005','2026-01-05 09:30:00','2026-01-05','Valid','Seed Jan IN (Full-Day)',1,NULL,'2026-02-20 22:38:40','2026-02-20 22:38:40',NULL),(2108,5,2,'BIO9000005','2026-01-05 16:30:00','2026-01-05','Valid','Seed Jan OUT (Full-Day)',1,NULL,'2026-02-20 22:38:40','2026-02-20 22:38:40',NULL),(2109,5,2,'BIO9000005','2026-01-06 09:30:00','2026-01-06','Valid','Seed Jan IN (Full-Day)',1,NULL,'2026-02-20 22:38:40','2026-02-20 22:38:40',NULL),(2110,5,2,'BIO9000005','2026-01-06 16:36:00','2026-01-06','Valid','Seed Jan OUT (Full-Day)',1,NULL,'2026-02-20 22:38:40','2026-02-20 22:38:40',NULL),(2111,5,2,'BIO9000005','2026-01-07 09:30:00','2026-01-07','Valid','Seed Jan IN (Full-Day)',1,NULL,'2026-02-20 22:38:40','2026-02-20 22:38:40',NULL),(2112,5,2,'BIO9000005','2026-01-07 16:24:00','2026-01-07','Valid','Seed Jan OUT (Full-Day)',1,NULL,'2026-02-20 22:38:40','2026-02-20 22:38:40',NULL),(2113,5,2,'BIO9000005','2026-01-08 09:30:00','2026-01-08','Valid','Seed Jan IN (Full-Day)',1,NULL,'2026-02-20 22:38:40','2026-02-20 22:38:40',NULL),(2114,5,2,'BIO9000005','2026-01-08 16:30:00','2026-01-08','Valid','Seed Jan OUT (Full-Day)',1,NULL,'2026-02-20 22:38:40','2026-02-20 22:38:40',NULL),(2115,5,2,'BIO9000005','2026-01-10 09:30:00','2026-01-10','Valid','Seed Jan IN (Full-Day)',1,NULL,'2026-02-20 22:38:40','2026-02-20 22:38:40',NULL),(2116,5,2,'BIO9000005','2026-01-10 16:24:00','2026-01-10','Valid','Seed Jan OUT (Full-Day)',1,NULL,'2026-02-20 22:38:40','2026-02-20 22:38:40',NULL),(2117,5,2,'BIO9000005','2026-01-12 09:30:00','2026-01-12','Valid','Seed Jan IN (Full-Day)',1,NULL,'2026-02-20 22:38:40','2026-02-20 22:38:40',NULL),(2118,5,2,'BIO9000005','2026-01-12 16:36:00','2026-01-12','Valid','Seed Jan OUT (Full-Day)',1,NULL,'2026-02-20 22:38:40','2026-02-20 22:38:40',NULL),(2119,5,2,'BIO9000005','2026-01-13 09:30:00','2026-01-13','Valid','Seed Jan IN (Full-Day)',1,NULL,'2026-02-20 22:38:40','2026-02-20 22:38:40',NULL),(2120,5,2,'BIO9000005','2026-01-13 16:24:00','2026-01-13','Valid','Seed Jan OUT (Full-Day)',1,NULL,'2026-02-20 22:38:40','2026-02-20 22:38:40',NULL),(2121,5,2,'BIO9000005','2026-01-14 09:30:00','2026-01-14','Valid','Seed Jan IN (Half-Day)',1,NULL,'2026-02-20 22:38:40','2026-02-20 22:38:40',NULL),(2122,5,2,'BIO9000005','2026-01-14 13:30:00','2026-01-14','Valid','Seed Jan OUT (Half-Day)',1,NULL,'2026-02-20 22:38:40','2026-02-20 22:38:40',NULL),(2123,5,2,'BIO9000005','2026-01-15 09:30:00','2026-01-15','Valid','Seed Jan IN (Full-Day)',1,NULL,'2026-02-20 22:38:40','2026-02-20 22:38:40',NULL),(2124,5,2,'BIO9000005','2026-01-15 16:36:00','2026-01-15','Valid','Seed Jan OUT (Full-Day)',1,NULL,'2026-02-20 22:38:40','2026-02-20 22:38:40',NULL),(2125,5,2,'BIO9000005','2026-01-16 09:30:00','2026-01-16','Valid','Seed Jan IN (Full-Day)',1,NULL,'2026-02-20 22:38:40','2026-02-20 22:38:40',NULL),(2126,5,2,'BIO9000005','2026-01-17 09:30:00','2026-01-17','Valid','Seed Jan IN (Full-Day)',1,NULL,'2026-02-20 22:38:40','2026-02-20 22:38:40',NULL),(2127,5,2,'BIO9000005','2026-01-17 16:30:00','2026-01-17','Valid','Seed Jan OUT (Full-Day)',1,NULL,'2026-02-20 22:38:40','2026-02-20 22:38:40',NULL),(2128,5,2,'BIO9000005','2026-01-19 09:30:00','2026-01-19','Valid','Seed Jan IN (Full-Day)',1,NULL,'2026-02-20 22:38:40','2026-02-20 22:38:40',NULL),(2129,5,2,'BIO9000005','2026-01-19 16:24:00','2026-01-19','Valid','Seed Jan OUT (Full-Day)',1,NULL,'2026-02-20 22:38:40','2026-02-20 22:38:40',NULL),(2130,5,2,'BIO9000005','2026-01-20 09:30:00','2026-01-20','Valid','Seed Jan IN (Full-Day)',1,NULL,'2026-02-20 22:38:40','2026-02-20 22:38:40',NULL),(2131,5,2,'BIO9000005','2026-01-20 16:30:00','2026-01-20','Valid','Seed Jan OUT (Full-Day)',1,NULL,'2026-02-20 22:38:40','2026-02-20 22:38:40',NULL),(2132,5,2,'BIO9000005','2026-01-22 09:30:00','2026-01-22','Valid','Seed Jan IN (Full-Day)',1,NULL,'2026-02-20 22:38:40','2026-02-20 22:38:40',NULL),(2133,5,2,'BIO9000005','2026-01-22 16:24:00','2026-01-22','Valid','Seed Jan OUT (Full-Day)',1,NULL,'2026-02-20 22:38:40','2026-02-20 22:38:40',NULL),(2134,5,2,'BIO9000005','2026-01-23 09:30:00','2026-01-23','Valid','Seed Jan IN (Full-Day)',1,NULL,'2026-02-20 22:38:40','2026-02-20 22:38:40',NULL),(2135,5,2,'BIO9000005','2026-01-23 16:30:00','2026-01-23','Valid','Seed Jan OUT (Full-Day)',1,NULL,'2026-02-20 22:38:40','2026-02-20 22:38:40',NULL),(2136,5,2,'BIO9000005','2026-01-24 09:30:00','2026-01-24','Valid','Seed Jan IN (Full-Day)',1,NULL,'2026-02-20 22:38:40','2026-02-20 22:38:40',NULL),(2137,5,2,'BIO9000005','2026-01-24 16:36:00','2026-01-24','Valid','Seed Jan OUT (Full-Day)',1,NULL,'2026-02-20 22:38:40','2026-02-20 22:38:40',NULL),(2138,5,2,'BIO9000005','2026-01-26 09:30:00','2026-01-26','Valid','Seed Jan IN (Half-Day)',1,NULL,'2026-02-20 22:38:40','2026-02-20 22:38:40',NULL),(2139,5,2,'BIO9000005','2026-01-26 13:30:00','2026-01-26','Valid','Seed Jan OUT (Half-Day)',1,NULL,'2026-02-20 22:38:40','2026-02-20 22:38:40',NULL),(2140,5,2,'BIO9000005','2026-01-27 09:30:00','2026-01-27','Valid','Seed Jan IN (Full-Day)',1,NULL,'2026-02-20 22:38:40','2026-02-20 22:38:40',NULL),(2141,5,2,'BIO9000005','2026-01-27 16:36:00','2026-01-27','Valid','Seed Jan OUT (Full-Day)',1,NULL,'2026-02-20 22:38:40','2026-02-20 22:38:40',NULL),(2142,5,2,'BIO9000005','2026-01-28 09:30:00','2026-01-28','Valid','Seed Jan IN (Full-Day)',1,NULL,'2026-02-20 22:38:40','2026-02-20 22:38:40',NULL),(2143,5,2,'BIO9000005','2026-01-29 09:30:00','2026-01-29','Valid','Seed Jan IN (Full-Day)',1,NULL,'2026-02-20 22:38:40','2026-02-20 22:38:40',NULL),(2144,5,2,'BIO9000005','2026-01-29 16:30:00','2026-01-29','Valid','Seed Jan OUT (Full-Day)',1,NULL,'2026-02-20 22:38:40','2026-02-20 22:38:40',NULL),(2145,5,2,'BIO9000005','2026-01-30 09:30:00','2026-01-30','Valid','Seed Jan IN (Full-Day)',1,NULL,'2026-02-20 22:38:40','2026-02-20 22:38:40',NULL),(2146,5,2,'BIO9000005','2026-01-30 16:36:00','2026-01-30','Valid','Seed Jan OUT (Full-Day)',1,NULL,'2026-02-20 22:38:40','2026-02-20 22:38:40',NULL),(2147,5,2,'BIO9000005','2026-01-31 09:30:00','2026-01-31','Valid','Seed Jan IN (Full-Day)',1,NULL,'2026-02-20 22:38:40','2026-02-20 22:38:40',NULL),(2148,5,2,'BIO9000005','2026-01-31 16:24:00','2026-01-31','Valid','Seed Jan OUT (Full-Day)',1,NULL,'2026-02-20 22:38:40','2026-02-20 22:38:40',NULL),(2149,6,2,'BIO9000006','2026-01-01 09:05:00','2026-01-01','Valid','Seed Jan IN (Half-Day)',1,NULL,'2026-02-20 22:38:40','2026-02-20 22:38:40',NULL),(2150,6,2,'BIO9000006','2026-01-01 13:05:00','2026-01-01','Valid','Seed Jan OUT (Half-Day)',1,NULL,'2026-02-20 22:38:40','2026-02-20 22:38:40',NULL),(2151,6,2,'BIO9000006','2026-01-02 09:05:00','2026-01-02','Valid','Seed Jan IN (Full-Day)',1,NULL,'2026-02-20 22:38:40','2026-02-20 22:38:40',NULL),(2152,6,2,'BIO9000006','2026-01-02 17:00:00','2026-01-02','Valid','Seed Jan OUT (Full-Day)',1,NULL,'2026-02-20 22:38:40','2026-02-20 22:38:40',NULL),(2153,6,2,'BIO9000006','2026-01-03 09:05:00','2026-01-03','Valid','Seed Jan IN (Full-Day)',1,NULL,'2026-02-20 22:38:40','2026-02-20 22:38:40',NULL),(2154,6,2,'BIO9000006','2026-01-05 09:05:00','2026-01-05','Valid','Seed Jan IN (Full-Day)',1,NULL,'2026-02-20 22:38:40','2026-02-20 22:38:40',NULL),(2155,6,2,'BIO9000006','2026-01-05 17:00:00','2026-01-05','Valid','Seed Jan OUT (Full-Day)',1,NULL,'2026-02-20 22:38:40','2026-02-20 22:38:40',NULL),(2156,6,2,'BIO9000006','2026-01-06 09:05:00','2026-01-06','Valid','Seed Jan IN (Full-Day)',1,NULL,'2026-02-20 22:38:40','2026-02-20 22:38:40',NULL),(2157,6,2,'BIO9000006','2026-01-06 17:06:00','2026-01-06','Valid','Seed Jan OUT (Full-Day)',1,NULL,'2026-02-20 22:38:40','2026-02-20 22:38:40',NULL),(2158,6,2,'BIO9000006','2026-01-07 09:05:00','2026-01-07','Valid','Seed Jan IN (Full-Day)',1,NULL,'2026-02-20 22:38:40','2026-02-20 22:38:40',NULL),(2159,6,2,'BIO9000006','2026-01-07 16:54:00','2026-01-07','Valid','Seed Jan OUT (Full-Day)',1,NULL,'2026-02-20 22:38:40','2026-02-20 22:38:40',NULL),(2160,6,2,'BIO9000006','2026-01-09 09:05:00','2026-01-09','Valid','Seed Jan IN (Full-Day)',1,NULL,'2026-02-20 22:38:40','2026-02-20 22:38:40',NULL),(2161,6,2,'BIO9000006','2026-01-09 17:06:00','2026-01-09','Valid','Seed Jan OUT (Full-Day)',1,NULL,'2026-02-20 22:38:40','2026-02-20 22:38:40',NULL),(2162,6,2,'BIO9000006','2026-01-10 09:05:00','2026-01-10','Valid','Seed Jan IN (Full-Day)',1,NULL,'2026-02-20 22:38:40','2026-02-20 22:38:40',NULL),(2163,6,2,'BIO9000006','2026-01-10 16:54:00','2026-01-10','Valid','Seed Jan OUT (Full-Day)',1,NULL,'2026-02-20 22:38:40','2026-02-20 22:38:40',NULL),(2164,6,2,'BIO9000006','2026-01-12 09:05:00','2026-01-12','Valid','Seed Jan IN (Full-Day)',1,NULL,'2026-02-20 22:38:40','2026-02-20 22:38:40',NULL),(2165,6,2,'BIO9000006','2026-01-12 17:06:00','2026-01-12','Valid','Seed Jan OUT (Full-Day)',1,NULL,'2026-02-20 22:38:40','2026-02-20 22:38:40',NULL),(2166,6,2,'BIO9000006','2026-01-13 09:05:00','2026-01-13','Valid','Seed Jan IN (Half-Day)',1,NULL,'2026-02-20 22:38:40','2026-02-20 22:38:40',NULL),(2167,6,2,'BIO9000006','2026-01-13 13:05:00','2026-01-13','Valid','Seed Jan OUT (Half-Day)',1,NULL,'2026-02-20 22:38:40','2026-02-20 22:38:40',NULL),(2168,6,2,'BIO9000006','2026-01-14 09:05:00','2026-01-14','Valid','Seed Jan IN (Full-Day)',1,NULL,'2026-02-20 22:38:40','2026-02-20 22:38:40',NULL),(2169,6,2,'BIO9000006','2026-01-14 17:00:00','2026-01-14','Valid','Seed Jan OUT (Full-Day)',1,NULL,'2026-02-20 22:38:40','2026-02-20 22:38:40',NULL),(2170,6,2,'BIO9000006','2026-01-15 09:05:00','2026-01-15','Valid','Seed Jan IN (Full-Day)',1,NULL,'2026-02-20 22:38:40','2026-02-20 22:38:40',NULL),(2171,6,2,'BIO9000006','2026-01-16 09:05:00','2026-01-16','Valid','Seed Jan IN (Full-Day)',1,NULL,'2026-02-20 22:38:40','2026-02-20 22:38:40',NULL),(2172,6,2,'BIO9000006','2026-01-16 16:54:00','2026-01-16','Valid','Seed Jan OUT (Full-Day)',1,NULL,'2026-02-20 22:38:40','2026-02-20 22:38:40',NULL),(2173,6,2,'BIO9000006','2026-01-17 09:05:00','2026-01-17','Valid','Seed Jan IN (Full-Day)',1,NULL,'2026-02-20 22:38:40','2026-02-20 22:38:40',NULL),(2174,6,2,'BIO9000006','2026-01-17 17:00:00','2026-01-17','Valid','Seed Jan OUT (Full-Day)',1,NULL,'2026-02-20 22:38:40','2026-02-20 22:38:40',NULL),(2175,6,2,'BIO9000006','2026-01-19 09:05:00','2026-01-19','Valid','Seed Jan IN (Full-Day)',1,NULL,'2026-02-20 22:38:40','2026-02-20 22:38:40',NULL),(2176,6,2,'BIO9000006','2026-01-19 16:54:00','2026-01-19','Valid','Seed Jan OUT (Full-Day)',1,NULL,'2026-02-20 22:38:40','2026-02-20 22:38:40',NULL),(2177,6,2,'BIO9000006','2026-01-21 09:05:00','2026-01-21','Valid','Seed Jan IN (Full-Day)',1,NULL,'2026-02-20 22:38:40','2026-02-20 22:38:40',NULL),(2178,6,2,'BIO9000006','2026-01-21 17:06:00','2026-01-21','Valid','Seed Jan OUT (Full-Day)',1,NULL,'2026-02-20 22:38:40','2026-02-20 22:38:40',NULL),(2179,6,2,'BIO9000006','2026-01-22 09:05:00','2026-01-22','Valid','Seed Jan IN (Full-Day)',1,NULL,'2026-02-20 22:38:40','2026-02-20 22:38:40',NULL),(2180,6,2,'BIO9000006','2026-01-22 16:54:00','2026-01-22','Valid','Seed Jan OUT (Full-Day)',1,NULL,'2026-02-20 22:38:40','2026-02-20 22:38:40',NULL),(2181,6,2,'BIO9000006','2026-01-23 09:05:00','2026-01-23','Valid','Seed Jan IN (Full-Day)',1,NULL,'2026-02-20 22:38:40','2026-02-20 22:38:40',NULL),(2182,6,2,'BIO9000006','2026-01-23 17:00:00','2026-01-23','Valid','Seed Jan OUT (Full-Day)',1,NULL,'2026-02-20 22:38:40','2026-02-20 22:38:40',NULL),(2183,6,2,'BIO9000006','2026-01-24 09:05:00','2026-01-24','Valid','Seed Jan IN (Full-Day)',1,NULL,'2026-02-20 22:38:40','2026-02-20 22:38:40',NULL),(2184,6,2,'BIO9000006','2026-01-24 17:06:00','2026-01-24','Valid','Seed Jan OUT (Full-Day)',1,NULL,'2026-02-20 22:38:40','2026-02-20 22:38:40',NULL),(2185,6,2,'BIO9000006','2026-01-26 09:05:00','2026-01-26','Valid','Seed Jan IN (Full-Day)',1,NULL,'2026-02-20 22:38:40','2026-02-20 22:38:40',NULL),(2186,6,2,'BIO9000006','2026-01-26 17:00:00','2026-01-26','Valid','Seed Jan OUT (Full-Day)',1,NULL,'2026-02-20 22:38:40','2026-02-20 22:38:40',NULL),(2187,6,2,'BIO9000006','2026-01-27 09:05:00','2026-01-27','Valid','Seed Jan IN (Full-Day)',1,NULL,'2026-02-20 22:38:40','2026-02-20 22:38:40',NULL),(2188,6,2,'BIO9000006','2026-01-28 09:05:00','2026-01-28','Valid','Seed Jan IN (Full-Day)',1,NULL,'2026-02-20 22:38:40','2026-02-20 22:38:40',NULL),(2189,6,2,'BIO9000006','2026-01-28 16:54:00','2026-01-28','Valid','Seed Jan OUT (Full-Day)',1,NULL,'2026-02-20 22:38:40','2026-02-20 22:38:40',NULL),(2190,6,2,'BIO9000006','2026-01-29 09:05:00','2026-01-29','Valid','Seed Jan IN (Full-Day)',1,NULL,'2026-02-20 22:38:40','2026-02-20 22:38:40',NULL),(2191,6,2,'BIO9000006','2026-01-29 17:00:00','2026-01-29','Valid','Seed Jan OUT (Full-Day)',1,NULL,'2026-02-20 22:38:40','2026-02-20 22:38:40',NULL),(2192,6,2,'BIO9000006','2026-01-30 09:05:00','2026-01-30','Valid','Seed Jan IN (Full-Day)',1,NULL,'2026-02-20 22:38:40','2026-02-20 22:38:40',NULL),(2193,6,2,'BIO9000006','2026-01-30 17:06:00','2026-01-30','Valid','Seed Jan OUT (Full-Day)',1,NULL,'2026-02-20 22:38:40','2026-02-20 22:38:40',NULL),(2194,6,2,'BIO9000006','2026-01-31 09:05:00','2026-01-31','Valid','Seed Jan IN (Full-Day)',1,NULL,'2026-02-20 22:38:40','2026-02-20 22:38:40',NULL),(2195,6,2,'BIO9000006','2026-01-31 16:54:00','2026-01-31','Valid','Seed Jan OUT (Full-Day)',1,NULL,'2026-02-20 22:38:40','2026-02-20 22:38:40',NULL),(2196,7,2,'BIO9000007','2026-01-01 08:55:00','2026-01-01','Valid','Seed Jan IN (Full-Day)',1,NULL,'2026-02-20 22:38:40','2026-02-20 22:38:40',NULL),(2197,7,2,'BIO9000007','2026-01-01 16:54:00','2026-01-01','Valid','Seed Jan OUT (Full-Day)',1,NULL,'2026-02-20 22:38:40','2026-02-20 22:38:40',NULL),(2198,7,2,'BIO9000007','2026-01-02 08:55:00','2026-01-02','Valid','Seed Jan IN (Full-Day)',1,NULL,'2026-02-20 22:38:40','2026-02-20 22:38:40',NULL),(2199,7,2,'BIO9000007','2026-01-03 08:55:00','2026-01-03','Valid','Seed Jan IN (Full-Day)',1,NULL,'2026-02-20 22:38:40','2026-02-20 22:38:40',NULL),(2200,7,2,'BIO9000007','2026-01-03 17:06:00','2026-01-03','Valid','Seed Jan OUT (Full-Day)',1,NULL,'2026-02-20 22:38:40','2026-02-20 22:38:40',NULL),(2201,7,2,'BIO9000007','2026-01-05 08:55:00','2026-01-05','Valid','Seed Jan IN (Full-Day)',1,NULL,'2026-02-20 22:38:40','2026-02-20 22:38:40',NULL),(2202,7,2,'BIO9000007','2026-01-05 17:00:00','2026-01-05','Valid','Seed Jan OUT (Full-Day)',1,NULL,'2026-02-20 22:38:40','2026-02-20 22:38:40',NULL),(2203,7,2,'BIO9000007','2026-01-06 08:55:00','2026-01-06','Valid','Seed Jan IN (Full-Day)',1,NULL,'2026-02-20 22:38:40','2026-02-20 22:38:40',NULL),(2204,7,2,'BIO9000007','2026-01-06 17:06:00','2026-01-06','Valid','Seed Jan OUT (Full-Day)',1,NULL,'2026-02-20 22:38:40','2026-02-20 22:38:40',NULL),(2205,7,2,'BIO9000007','2026-01-08 08:55:00','2026-01-08','Valid','Seed Jan IN (Full-Day)',1,NULL,'2026-02-20 22:38:40','2026-02-20 22:38:40',NULL),(2206,7,2,'BIO9000007','2026-01-08 17:00:00','2026-01-08','Valid','Seed Jan OUT (Full-Day)',1,NULL,'2026-02-20 22:38:40','2026-02-20 22:38:40',NULL),(2207,7,2,'BIO9000007','2026-01-09 08:55:00','2026-01-09','Valid','Seed Jan IN (Full-Day)',1,NULL,'2026-02-20 22:38:40','2026-02-20 22:38:40',NULL),(2208,7,2,'BIO9000007','2026-01-09 17:06:00','2026-01-09','Valid','Seed Jan OUT (Full-Day)',1,NULL,'2026-02-20 22:38:40','2026-02-20 22:38:40',NULL),(2209,7,2,'BIO9000007','2026-01-10 08:55:00','2026-01-10','Valid','Seed Jan IN (Full-Day)',1,NULL,'2026-02-20 22:38:40','2026-02-20 22:38:40',NULL),(2210,7,2,'BIO9000007','2026-01-10 16:54:00','2026-01-10','Valid','Seed Jan OUT (Full-Day)',1,NULL,'2026-02-20 22:38:40','2026-02-20 22:38:40',NULL),(2211,7,2,'BIO9000007','2026-01-12 08:55:00','2026-01-12','Valid','Seed Jan IN (Half-Day)',1,NULL,'2026-02-20 22:38:40','2026-02-20 22:38:40',NULL),(2212,7,2,'BIO9000007','2026-01-12 12:55:00','2026-01-12','Valid','Seed Jan OUT (Half-Day)',1,NULL,'2026-02-20 22:38:40','2026-02-20 22:38:40',NULL),(2213,7,2,'BIO9000007','2026-01-13 08:55:00','2026-01-13','Valid','Seed Jan IN (Full-Day)',1,NULL,'2026-02-20 22:38:40','2026-02-20 22:38:40',NULL),(2214,7,2,'BIO9000007','2026-01-13 16:54:00','2026-01-13','Valid','Seed Jan OUT (Full-Day)',1,NULL,'2026-02-20 22:38:40','2026-02-20 22:38:40',NULL),(2215,7,2,'BIO9000007','2026-01-14 08:55:00','2026-01-14','Valid','Seed Jan IN (Full-Day)',1,NULL,'2026-02-20 22:38:40','2026-02-20 22:38:40',NULL),(2216,7,2,'BIO9000007','2026-01-15 08:55:00','2026-01-15','Valid','Seed Jan IN (Full-Day)',1,NULL,'2026-02-20 22:38:40','2026-02-20 22:38:40',NULL),(2217,7,2,'BIO9000007','2026-01-15 17:06:00','2026-01-15','Valid','Seed Jan OUT (Full-Day)',1,NULL,'2026-02-20 22:38:40','2026-02-20 22:38:40',NULL),(2218,7,2,'BIO9000007','2026-01-16 08:55:00','2026-01-16','Valid','Seed Jan IN (Full-Day)',1,NULL,'2026-02-20 22:38:40','2026-02-20 22:38:40',NULL),(2219,7,2,'BIO9000007','2026-01-16 16:54:00','2026-01-16','Valid','Seed Jan OUT (Full-Day)',1,NULL,'2026-02-20 22:38:40','2026-02-20 22:38:40',NULL),(2220,7,2,'BIO9000007','2026-01-17 08:55:00','2026-01-17','Valid','Seed Jan IN (Full-Day)',1,NULL,'2026-02-20 22:38:40','2026-02-20 22:38:40',NULL),(2221,7,2,'BIO9000007','2026-01-17 17:00:00','2026-01-17','Valid','Seed Jan OUT (Full-Day)',1,NULL,'2026-02-20 22:38:40','2026-02-20 22:38:40',NULL),(2222,7,2,'BIO9000007','2026-01-20 08:55:00','2026-01-20','Valid','Seed Jan IN (Full-Day)',1,NULL,'2026-02-20 22:38:40','2026-02-20 22:38:40',NULL),(2223,7,2,'BIO9000007','2026-01-20 17:00:00','2026-01-20','Valid','Seed Jan OUT (Full-Day)',1,NULL,'2026-02-20 22:38:40','2026-02-20 22:38:40',NULL),(2224,7,2,'BIO9000007','2026-01-21 08:55:00','2026-01-21','Valid','Seed Jan IN (Full-Day)',1,NULL,'2026-02-20 22:38:40','2026-02-20 22:38:40',NULL),(2225,7,2,'BIO9000007','2026-01-21 17:06:00','2026-01-21','Valid','Seed Jan OUT (Full-Day)',1,NULL,'2026-02-20 22:38:40','2026-02-20 22:38:40',NULL),(2226,7,2,'BIO9000007','2026-01-22 08:55:00','2026-01-22','Valid','Seed Jan IN (Full-Day)',1,NULL,'2026-02-20 22:38:40','2026-02-20 22:38:40',NULL),(2227,7,2,'BIO9000007','2026-01-22 16:54:00','2026-01-22','Valid','Seed Jan OUT (Full-Day)',1,NULL,'2026-02-20 22:38:40','2026-02-20 22:38:40',NULL),(2228,7,2,'BIO9000007','2026-01-23 08:55:00','2026-01-23','Valid','Seed Jan IN (Full-Day)',1,NULL,'2026-02-20 22:38:40','2026-02-20 22:38:40',NULL),(2229,7,2,'BIO9000007','2026-01-23 17:00:00','2026-01-23','Valid','Seed Jan OUT (Full-Day)',1,NULL,'2026-02-20 22:38:40','2026-02-20 22:38:40',NULL),(2230,7,2,'BIO9000007','2026-01-24 08:55:00','2026-01-24','Valid','Seed Jan IN (Half-Day)',1,NULL,'2026-02-20 22:38:40','2026-02-20 22:38:40',NULL),(2231,7,2,'BIO9000007','2026-01-24 12:55:00','2026-01-24','Valid','Seed Jan OUT (Half-Day)',1,NULL,'2026-02-20 22:38:40','2026-02-20 22:38:40',NULL),(2232,7,2,'BIO9000007','2026-01-26 08:55:00','2026-01-26','Valid','Seed Jan IN (Full-Day)',1,NULL,'2026-02-20 22:38:40','2026-02-20 22:38:40',NULL),(2233,7,2,'BIO9000007','2026-01-27 08:55:00','2026-01-27','Valid','Seed Jan IN (Full-Day)',1,NULL,'2026-02-20 22:38:40','2026-02-20 22:38:40',NULL),(2234,7,2,'BIO9000007','2026-01-27 17:06:00','2026-01-27','Valid','Seed Jan OUT (Full-Day)',1,NULL,'2026-02-20 22:38:40','2026-02-20 22:38:40',NULL),(2235,7,2,'BIO9000007','2026-01-28 08:55:00','2026-01-28','Valid','Seed Jan IN (Full-Day)',1,NULL,'2026-02-20 22:38:40','2026-02-20 22:38:40',NULL),(2236,7,2,'BIO9000007','2026-01-28 16:54:00','2026-01-28','Valid','Seed Jan OUT (Full-Day)',1,NULL,'2026-02-20 22:38:40','2026-02-20 22:38:40',NULL),(2237,7,2,'BIO9000007','2026-01-29 08:55:00','2026-01-29','Valid','Seed Jan IN (Full-Day)',1,NULL,'2026-02-20 22:38:40','2026-02-20 22:38:40',NULL),(2238,7,2,'BIO9000007','2026-01-29 17:00:00','2026-01-29','Valid','Seed Jan OUT (Full-Day)',1,NULL,'2026-02-20 22:38:40','2026-02-20 22:38:40',NULL),(2239,7,2,'BIO9000007','2026-01-30 08:55:00','2026-01-30','Valid','Seed Jan IN (Full-Day)',1,NULL,'2026-02-20 22:38:40','2026-02-20 22:38:40',NULL),(2240,7,2,'BIO9000007','2026-01-30 17:06:00','2026-01-30','Valid','Seed Jan OUT (Full-Day)',1,NULL,'2026-02-20 22:38:40','2026-02-20 22:38:40',NULL),(2241,8,2,'BIO9000008','2026-01-01 09:00:00','2026-01-01','Valid','Seed Jan IN (Full-Day)',1,NULL,'2026-02-20 22:38:40','2026-02-20 22:38:40',NULL),(2242,8,2,'BIO9000008','2026-01-02 09:00:00','2026-01-02','Valid','Seed Jan IN (Full-Day)',1,NULL,'2026-02-20 22:38:40','2026-02-20 22:38:40',NULL),(2243,8,2,'BIO9000008','2026-01-02 17:00:00','2026-01-02','Valid','Seed Jan OUT (Full-Day)',1,NULL,'2026-02-20 22:38:40','2026-02-20 22:38:40',NULL),(2244,8,2,'BIO9000008','2026-01-03 09:00:00','2026-01-03','Valid','Seed Jan IN (Full-Day)',1,NULL,'2026-02-20 22:38:40','2026-02-20 22:38:40',NULL),(2245,8,2,'BIO9000008','2026-01-03 17:06:00','2026-01-03','Valid','Seed Jan OUT (Full-Day)',1,NULL,'2026-02-20 22:38:40','2026-02-20 22:38:40',NULL),(2246,8,2,'BIO9000008','2026-01-05 09:00:00','2026-01-05','Valid','Seed Jan IN (Full-Day)',1,NULL,'2026-02-20 22:38:40','2026-02-20 22:38:40',NULL),(2247,8,2,'BIO9000008','2026-01-05 17:00:00','2026-01-05','Valid','Seed Jan OUT (Full-Day)',1,NULL,'2026-02-20 22:38:40','2026-02-20 22:38:40',NULL),(2248,8,2,'BIO9000008','2026-01-07 09:00:00','2026-01-07','Valid','Seed Jan IN (Full-Day)',1,NULL,'2026-02-20 22:38:40','2026-02-20 22:38:40',NULL),(2249,8,2,'BIO9000008','2026-01-07 16:54:00','2026-01-07','Valid','Seed Jan OUT (Full-Day)',1,NULL,'2026-02-20 22:38:40','2026-02-20 22:38:40',NULL),(2250,8,2,'BIO9000008','2026-01-08 09:00:00','2026-01-08','Valid','Seed Jan IN (Full-Day)',1,NULL,'2026-02-20 22:38:40','2026-02-20 22:38:40',NULL),(2251,8,2,'BIO9000008','2026-01-08 17:00:00','2026-01-08','Valid','Seed Jan OUT (Full-Day)',1,NULL,'2026-02-20 22:38:40','2026-02-20 22:38:40',NULL),(2252,8,2,'BIO9000008','2026-01-09 09:00:00','2026-01-09','Valid','Seed Jan IN (Full-Day)',1,NULL,'2026-02-20 22:38:40','2026-02-20 22:38:40',NULL),(2253,8,2,'BIO9000008','2026-01-09 17:06:00','2026-01-09','Valid','Seed Jan OUT (Full-Day)',1,NULL,'2026-02-20 22:38:40','2026-02-20 22:38:40',NULL),(2254,8,2,'BIO9000008','2026-01-10 09:00:00','2026-01-10','Valid','Seed Jan IN (Full-Day)',1,NULL,'2026-02-20 22:38:40','2026-02-20 22:38:40',NULL),(2255,8,2,'BIO9000008','2026-01-10 16:54:00','2026-01-10','Valid','Seed Jan OUT (Full-Day)',1,NULL,'2026-02-20 22:38:40','2026-02-20 22:38:40',NULL),(2256,8,2,'BIO9000008','2026-01-12 09:00:00','2026-01-12','Valid','Seed Jan IN (Full-Day)',1,NULL,'2026-02-20 22:38:40','2026-02-20 22:38:40',NULL),(2257,8,2,'BIO9000008','2026-01-12 17:06:00','2026-01-12','Valid','Seed Jan OUT (Full-Day)',1,NULL,'2026-02-20 22:38:40','2026-02-20 22:38:40',NULL),(2258,8,2,'BIO9000008','2026-01-13 09:00:00','2026-01-13','Valid','Seed Jan IN (Full-Day)',1,NULL,'2026-02-20 22:38:41','2026-02-20 22:38:41',NULL),(2259,8,2,'BIO9000008','2026-01-14 09:00:00','2026-01-14','Valid','Seed Jan IN (Full-Day)',1,NULL,'2026-02-20 22:38:41','2026-02-20 22:38:41',NULL),(2260,8,2,'BIO9000008','2026-01-14 17:00:00','2026-01-14','Valid','Seed Jan OUT (Full-Day)',1,NULL,'2026-02-20 22:38:41','2026-02-20 22:38:41',NULL),(2261,8,2,'BIO9000008','2026-01-15 09:00:00','2026-01-15','Valid','Seed Jan IN (Full-Day)',1,NULL,'2026-02-20 22:38:41','2026-02-20 22:38:41',NULL),(2262,8,2,'BIO9000008','2026-01-15 17:06:00','2026-01-15','Valid','Seed Jan OUT (Full-Day)',1,NULL,'2026-02-20 22:38:41','2026-02-20 22:38:41',NULL),(2263,8,2,'BIO9000008','2026-01-16 09:00:00','2026-01-16','Valid','Seed Jan IN (Full-Day)',1,NULL,'2026-02-20 22:38:41','2026-02-20 22:38:41',NULL),(2264,8,2,'BIO9000008','2026-01-16 16:54:00','2026-01-16','Valid','Seed Jan OUT (Full-Day)',1,NULL,'2026-02-20 22:38:41','2026-02-20 22:38:41',NULL),(2265,8,2,'BIO9000008','2026-01-17 09:00:00','2026-01-17','Valid','Seed Jan IN (Full-Day)',1,NULL,'2026-02-20 22:38:41','2026-02-20 22:38:41',NULL),(2266,8,2,'BIO9000008','2026-01-17 17:00:00','2026-01-17','Valid','Seed Jan OUT (Full-Day)',1,NULL,'2026-02-20 22:38:41','2026-02-20 22:38:41',NULL),(2267,8,2,'BIO9000008','2026-01-19 09:00:00','2026-01-19','Valid','Seed Jan IN (Full-Day)',1,NULL,'2026-02-20 22:38:41','2026-02-20 22:38:41',NULL),(2268,8,2,'BIO9000008','2026-01-19 16:54:00','2026-01-19','Valid','Seed Jan OUT (Full-Day)',1,NULL,'2026-02-20 22:38:41','2026-02-20 22:38:41',NULL),(2269,8,2,'BIO9000008','2026-01-20 09:00:00','2026-01-20','Valid','Seed Jan IN (Full-Day)',1,NULL,'2026-02-20 22:38:41','2026-02-20 22:38:41',NULL),(2270,8,2,'BIO9000008','2026-01-20 17:00:00','2026-01-20','Valid','Seed Jan OUT (Full-Day)',1,NULL,'2026-02-20 22:38:41','2026-02-20 22:38:41',NULL),(2271,8,2,'BIO9000008','2026-01-21 09:00:00','2026-01-21','Valid','Seed Jan IN (Full-Day)',1,NULL,'2026-02-20 22:38:41','2026-02-20 22:38:41',NULL),(2272,8,2,'BIO9000008','2026-01-21 17:06:00','2026-01-21','Valid','Seed Jan OUT (Full-Day)',1,NULL,'2026-02-20 22:38:41','2026-02-20 22:38:41',NULL),(2273,8,2,'BIO9000008','2026-01-22 09:00:00','2026-01-22','Valid','Seed Jan IN (Full-Day)',1,NULL,'2026-02-20 22:38:41','2026-02-20 22:38:41',NULL),(2274,8,2,'BIO9000008','2026-01-22 16:54:00','2026-01-22','Valid','Seed Jan OUT (Full-Day)',1,NULL,'2026-02-20 22:38:41','2026-02-20 22:38:41',NULL),(2275,8,2,'BIO9000008','2026-01-23 09:00:00','2026-01-23','Valid','Seed Jan IN (Half-Day)',1,NULL,'2026-02-20 22:38:41','2026-02-20 22:38:41',NULL),(2276,8,2,'BIO9000008','2026-01-23 13:00:00','2026-01-23','Valid','Seed Jan OUT (Half-Day)',1,NULL,'2026-02-20 22:38:41','2026-02-20 22:38:41',NULL),(2277,8,2,'BIO9000008','2026-01-24 09:00:00','2026-01-24','Valid','Seed Jan IN (Full-Day)',1,NULL,'2026-02-20 22:38:41','2026-02-20 22:38:41',NULL),(2278,8,2,'BIO9000008','2026-01-24 17:06:00','2026-01-24','Valid','Seed Jan OUT (Full-Day)',1,NULL,'2026-02-20 22:38:41','2026-02-20 22:38:41',NULL),(2279,8,2,'BIO9000008','2026-01-26 09:00:00','2026-01-26','Valid','Seed Jan IN (Full-Day)',1,NULL,'2026-02-20 22:38:41','2026-02-20 22:38:41',NULL),(2280,8,2,'BIO9000008','2026-01-26 17:00:00','2026-01-26','Valid','Seed Jan OUT (Full-Day)',1,NULL,'2026-02-20 22:38:41','2026-02-20 22:38:41',NULL),(2281,8,2,'BIO9000008','2026-01-27 09:00:00','2026-01-27','Valid','Seed Jan IN (Full-Day)',1,NULL,'2026-02-20 22:38:41','2026-02-20 22:38:41',NULL),(2282,8,2,'BIO9000008','2026-01-27 17:06:00','2026-01-27','Valid','Seed Jan OUT (Full-Day)',1,NULL,'2026-02-20 22:38:41','2026-02-20 22:38:41',NULL),(2283,8,2,'BIO9000008','2026-01-28 09:00:00','2026-01-28','Valid','Seed Jan IN (Full-Day)',1,NULL,'2026-02-20 22:38:41','2026-02-20 22:38:41',NULL),(2284,8,2,'BIO9000008','2026-01-28 16:54:00','2026-01-28','Valid','Seed Jan OUT (Full-Day)',1,NULL,'2026-02-20 22:38:41','2026-02-20 22:38:41',NULL),(2285,8,2,'BIO9000008','2026-01-29 09:00:00','2026-01-29','Valid','Seed Jan IN (Full-Day)',1,NULL,'2026-02-20 22:38:41','2026-02-20 22:38:41',NULL),(2286,8,2,'BIO9000008','2026-01-29 17:00:00','2026-01-29','Valid','Seed Jan OUT (Full-Day)',1,NULL,'2026-02-20 22:38:41','2026-02-20 22:38:41',NULL),(2287,8,2,'BIO9000008','2026-01-31 09:00:00','2026-01-31','Valid','Seed Jan IN (Full-Day)',1,NULL,'2026-02-20 22:38:41','2026-02-20 22:38:41',NULL),(2288,8,2,'BIO9000008','2026-01-31 16:54:00','2026-01-31','Valid','Seed Jan OUT (Full-Day)',1,NULL,'2026-02-20 22:38:41','2026-02-20 22:38:41',NULL),(2289,9,2,'BIO9000009','2026-01-01 09:05:00','2026-01-01','Valid','Seed Jan IN (Full-Day)',1,NULL,'2026-02-20 22:38:41','2026-02-20 22:38:41',NULL),(2290,9,2,'BIO9000009','2026-01-01 16:54:00','2026-01-01','Valid','Seed Jan OUT (Full-Day)',1,NULL,'2026-02-20 22:38:41','2026-02-20 22:38:41',NULL),(2291,9,2,'BIO9000009','2026-01-02 09:05:00','2026-01-02','Valid','Seed Jan IN (Full-Day)',1,NULL,'2026-02-20 22:38:41','2026-02-20 22:38:41',NULL),(2292,9,2,'BIO9000009','2026-01-02 17:00:00','2026-01-02','Valid','Seed Jan OUT (Full-Day)',1,NULL,'2026-02-20 22:38:41','2026-02-20 22:38:41',NULL),(2293,9,2,'BIO9000009','2026-01-03 09:05:00','2026-01-03','Valid','Seed Jan IN (Full-Day)',1,NULL,'2026-02-20 22:38:41','2026-02-20 22:38:41',NULL),(2294,9,2,'BIO9000009','2026-01-03 17:06:00','2026-01-03','Valid','Seed Jan OUT (Full-Day)',1,NULL,'2026-02-20 22:38:41','2026-02-20 22:38:41',NULL),(2295,9,2,'BIO9000009','2026-01-06 09:05:00','2026-01-06','Valid','Seed Jan IN (Full-Day)',1,NULL,'2026-02-20 22:38:41','2026-02-20 22:38:41',NULL),(2296,9,2,'BIO9000009','2026-01-06 17:06:00','2026-01-06','Valid','Seed Jan OUT (Full-Day)',1,NULL,'2026-02-20 22:38:41','2026-02-20 22:38:41',NULL),(2297,9,2,'BIO9000009','2026-01-07 09:05:00','2026-01-07','Valid','Seed Jan IN (Full-Day)',1,NULL,'2026-02-20 22:38:41','2026-02-20 22:38:41',NULL),(2298,9,2,'BIO9000009','2026-01-07 16:54:00','2026-01-07','Valid','Seed Jan OUT (Full-Day)',1,NULL,'2026-02-20 22:38:41','2026-02-20 22:38:41',NULL),(2299,9,2,'BIO9000009','2026-01-08 09:05:00','2026-01-08','Valid','Seed Jan IN (Full-Day)',1,NULL,'2026-02-20 22:38:41','2026-02-20 22:38:41',NULL),(2300,9,2,'BIO9000009','2026-01-08 17:00:00','2026-01-08','Valid','Seed Jan OUT (Full-Day)',1,NULL,'2026-02-20 22:38:41','2026-02-20 22:38:41',NULL),(2301,9,2,'BIO9000009','2026-01-09 09:05:00','2026-01-09','Valid','Seed Jan IN (Full-Day)',1,NULL,'2026-02-20 22:38:41','2026-02-20 22:38:41',NULL),(2302,9,2,'BIO9000009','2026-01-09 17:06:00','2026-01-09','Valid','Seed Jan OUT (Full-Day)',1,NULL,'2026-02-20 22:38:41','2026-02-20 22:38:41',NULL),(2303,9,2,'BIO9000009','2026-01-10 09:05:00','2026-01-10','Valid','Seed Jan IN (Half-Day)',1,NULL,'2026-02-20 22:38:41','2026-02-20 22:38:41',NULL),(2304,9,2,'BIO9000009','2026-01-10 13:05:00','2026-01-10','Valid','Seed Jan OUT (Half-Day)',1,NULL,'2026-02-20 22:38:41','2026-02-20 22:38:41',NULL),(2305,9,2,'BIO9000009','2026-01-12 09:05:00','2026-01-12','Valid','Seed Jan IN (Full-Day)',1,NULL,'2026-02-20 22:38:41','2026-02-20 22:38:41',NULL),(2306,9,2,'BIO9000009','2026-01-13 09:05:00','2026-01-13','Valid','Seed Jan IN (Full-Day)',1,NULL,'2026-02-20 22:38:41','2026-02-20 22:38:41',NULL),(2307,9,2,'BIO9000009','2026-01-13 16:54:00','2026-01-13','Valid','Seed Jan OUT (Full-Day)',1,NULL,'2026-02-20 22:38:41','2026-02-20 22:38:41',NULL),(2308,9,2,'BIO9000009','2026-01-14 09:05:00','2026-01-14','Valid','Seed Jan IN (Full-Day)',1,NULL,'2026-02-20 22:38:41','2026-02-20 22:38:41',NULL),(2309,9,2,'BIO9000009','2026-01-14 17:00:00','2026-01-14','Valid','Seed Jan OUT (Full-Day)',1,NULL,'2026-02-20 22:38:41','2026-02-20 22:38:41',NULL),(2310,9,2,'BIO9000009','2026-01-15 09:05:00','2026-01-15','Valid','Seed Jan IN (Full-Day)',1,NULL,'2026-02-20 22:38:41','2026-02-20 22:38:41',NULL),(2311,9,2,'BIO9000009','2026-01-15 17:06:00','2026-01-15','Valid','Seed Jan OUT (Full-Day)',1,NULL,'2026-02-20 22:38:41','2026-02-20 22:38:41',NULL),(2312,9,2,'BIO9000009','2026-01-16 09:05:00','2026-01-16','Valid','Seed Jan IN (Full-Day)',1,NULL,'2026-02-20 22:38:41','2026-02-20 22:38:41',NULL),(2313,9,2,'BIO9000009','2026-01-16 16:54:00','2026-01-16','Valid','Seed Jan OUT (Full-Day)',1,NULL,'2026-02-20 22:38:41','2026-02-20 22:38:41',NULL),(2314,9,2,'BIO9000009','2026-01-19 09:05:00','2026-01-19','Valid','Seed Jan IN (Full-Day)',1,NULL,'2026-02-20 22:38:41','2026-02-20 22:38:41',NULL),(2315,9,2,'BIO9000009','2026-01-19 16:54:00','2026-01-19','Valid','Seed Jan OUT (Full-Day)',1,NULL,'2026-02-20 22:38:41','2026-02-20 22:38:41',NULL),(2316,9,2,'BIO9000009','2026-01-20 09:05:00','2026-01-20','Valid','Seed Jan IN (Full-Day)',1,NULL,'2026-02-20 22:38:41','2026-02-20 22:38:41',NULL),(2317,9,2,'BIO9000009','2026-01-20 17:00:00','2026-01-20','Valid','Seed Jan OUT (Full-Day)',1,NULL,'2026-02-20 22:38:41','2026-02-20 22:38:41',NULL),(2318,9,2,'BIO9000009','2026-01-21 09:05:00','2026-01-21','Valid','Seed Jan IN (Full-Day)',1,NULL,'2026-02-20 22:38:41','2026-02-20 22:38:41',NULL),(2319,9,2,'BIO9000009','2026-01-21 17:06:00','2026-01-21','Valid','Seed Jan OUT (Full-Day)',1,NULL,'2026-02-20 22:38:41','2026-02-20 22:38:41',NULL),(2320,9,2,'BIO9000009','2026-01-22 09:05:00','2026-01-22','Valid','Seed Jan IN (Half-Day)',1,NULL,'2026-02-20 22:38:41','2026-02-20 22:38:41',NULL),(2321,9,2,'BIO9000009','2026-01-22 13:05:00','2026-01-22','Valid','Seed Jan OUT (Half-Day)',1,NULL,'2026-02-20 22:38:41','2026-02-20 22:38:41',NULL),(2322,9,2,'BIO9000009','2026-01-23 09:05:00','2026-01-23','Valid','Seed Jan IN (Full-Day)',1,NULL,'2026-02-20 22:38:41','2026-02-20 22:38:41',NULL),(2323,9,2,'BIO9000009','2026-01-23 17:00:00','2026-01-23','Valid','Seed Jan OUT (Full-Day)',1,NULL,'2026-02-20 22:38:41','2026-02-20 22:38:41',NULL),(2324,9,2,'BIO9000009','2026-01-24 09:05:00','2026-01-24','Valid','Seed Jan IN (Full-Day)',1,NULL,'2026-02-20 22:38:41','2026-02-20 22:38:41',NULL),(2325,9,2,'BIO9000009','2026-01-26 09:05:00','2026-01-26','Valid','Seed Jan IN (Full-Day)',1,NULL,'2026-02-20 22:38:41','2026-02-20 22:38:41',NULL),(2326,9,2,'BIO9000009','2026-01-26 17:00:00','2026-01-26','Valid','Seed Jan OUT (Full-Day)',1,NULL,'2026-02-20 22:38:41','2026-02-20 22:38:41',NULL),(2327,9,2,'BIO9000009','2026-01-27 09:05:00','2026-01-27','Valid','Seed Jan IN (Full-Day)',1,NULL,'2026-02-20 22:38:41','2026-02-20 22:38:41',NULL),(2328,9,2,'BIO9000009','2026-01-27 17:06:00','2026-01-27','Valid','Seed Jan OUT (Full-Day)',1,NULL,'2026-02-20 22:38:41','2026-02-20 22:38:41',NULL),(2329,9,2,'BIO9000009','2026-01-28 09:05:00','2026-01-28','Valid','Seed Jan IN (Full-Day)',1,NULL,'2026-02-20 22:38:41','2026-02-20 22:38:41',NULL),(2330,9,2,'BIO9000009','2026-01-28 16:54:00','2026-01-28','Valid','Seed Jan OUT (Full-Day)',1,NULL,'2026-02-20 22:38:41','2026-02-20 22:38:41',NULL),(2331,9,2,'BIO9000009','2026-01-30 09:05:00','2026-01-30','Valid','Seed Jan IN (Full-Day)',1,NULL,'2026-02-20 22:38:41','2026-02-20 22:38:41',NULL),(2332,9,2,'BIO9000009','2026-01-30 17:06:00','2026-01-30','Valid','Seed Jan OUT (Full-Day)',1,NULL,'2026-02-20 22:38:41','2026-02-20 22:38:41',NULL),(2333,9,2,'BIO9000009','2026-01-31 09:05:00','2026-01-31','Valid','Seed Jan IN (Full-Day)',1,NULL,'2026-02-20 22:38:41','2026-02-20 22:38:41',NULL),(2334,9,2,'BIO9000009','2026-01-31 16:54:00','2026-01-31','Valid','Seed Jan OUT (Full-Day)',1,NULL,'2026-02-20 22:38:41','2026-02-20 22:38:41',NULL),(2335,10,2,'BIO9000010','2026-01-01 08:55:00','2026-01-01','Valid','Seed Jan IN (Full-Day)',1,NULL,'2026-02-20 22:38:41','2026-02-20 22:38:41',NULL),(2336,10,2,'BIO9000010','2026-01-01 16:54:00','2026-01-01','Valid','Seed Jan OUT (Full-Day)',1,NULL,'2026-02-20 22:38:41','2026-02-20 22:38:41',NULL),(2337,10,2,'BIO9000010','2026-01-02 08:55:00','2026-01-02','Valid','Seed Jan IN (Full-Day)',1,NULL,'2026-02-20 22:38:41','2026-02-20 22:38:41',NULL),(2338,10,2,'BIO9000010','2026-01-02 17:00:00','2026-01-02','Valid','Seed Jan OUT (Full-Day)',1,NULL,'2026-02-20 22:38:41','2026-02-20 22:38:41',NULL),(2339,10,2,'BIO9000010','2026-01-03 08:55:00','2026-01-03','Valid','Seed Jan IN (Full-Day)',1,NULL,'2026-02-20 22:38:41','2026-02-20 22:38:41',NULL),(2340,10,2,'BIO9000010','2026-01-03 17:06:00','2026-01-03','Valid','Seed Jan OUT (Full-Day)',1,NULL,'2026-02-20 22:38:41','2026-02-20 22:38:41',NULL),(2341,10,2,'BIO9000010','2026-01-05 08:55:00','2026-01-05','Valid','Seed Jan IN (Full-Day)',1,NULL,'2026-02-20 22:38:41','2026-02-20 22:38:41',NULL),(2342,10,2,'BIO9000010','2026-01-05 17:00:00','2026-01-05','Valid','Seed Jan OUT (Full-Day)',1,NULL,'2026-02-20 22:38:41','2026-02-20 22:38:41',NULL),(2343,10,2,'BIO9000010','2026-01-06 08:55:00','2026-01-06','Valid','Seed Jan IN (Full-Day)',1,NULL,'2026-02-20 22:38:41','2026-02-20 22:38:41',NULL),(2344,10,2,'BIO9000010','2026-01-06 17:06:00','2026-01-06','Valid','Seed Jan OUT (Full-Day)',1,NULL,'2026-02-20 22:38:41','2026-02-20 22:38:41',NULL),(2345,10,2,'BIO9000010','2026-01-07 08:55:00','2026-01-07','Valid','Seed Jan IN (Full-Day)',1,NULL,'2026-02-20 22:38:41','2026-02-20 22:38:41',NULL),(2346,10,2,'BIO9000010','2026-01-07 16:54:00','2026-01-07','Valid','Seed Jan OUT (Full-Day)',1,NULL,'2026-02-20 22:38:41','2026-02-20 22:38:41',NULL),(2347,10,2,'BIO9000010','2026-01-08 08:55:00','2026-01-08','Valid','Seed Jan IN (Full-Day)',1,NULL,'2026-02-20 22:38:41','2026-02-20 22:38:41',NULL),(2348,10,2,'BIO9000010','2026-01-08 17:00:00','2026-01-08','Valid','Seed Jan OUT (Full-Day)',1,NULL,'2026-02-20 22:38:41','2026-02-20 22:38:41',NULL),(2349,10,2,'BIO9000010','2026-01-09 08:55:00','2026-01-09','Valid','Seed Jan IN (Half-Day)',1,NULL,'2026-02-20 22:38:41','2026-02-20 22:38:41',NULL),(2350,10,2,'BIO9000010','2026-01-09 12:55:00','2026-01-09','Valid','Seed Jan OUT (Half-Day)',1,NULL,'2026-02-20 22:38:41','2026-02-20 22:38:41',NULL),(2351,10,2,'BIO9000010','2026-01-10 08:55:00','2026-01-10','Valid','Seed Jan IN (Full-Day)',1,NULL,'2026-02-20 22:38:41','2026-02-20 22:38:41',NULL),(2352,10,2,'BIO9000010','2026-01-10 16:54:00','2026-01-10','Valid','Seed Jan OUT (Full-Day)',1,NULL,'2026-02-20 22:38:41','2026-02-20 22:38:41',NULL),(2353,10,2,'BIO9000010','2026-01-12 08:55:00','2026-01-12','Valid','Seed Jan IN (Full-Day)',1,NULL,'2026-02-20 22:38:41','2026-02-20 22:38:41',NULL),(2354,10,2,'BIO9000010','2026-01-12 17:06:00','2026-01-12','Valid','Seed Jan OUT (Full-Day)',1,NULL,'2026-02-20 22:38:41','2026-02-20 22:38:41',NULL),(2355,10,2,'BIO9000010','2026-01-13 08:55:00','2026-01-13','Valid','Seed Jan IN (Full-Day)',1,NULL,'2026-02-20 22:38:41','2026-02-20 22:38:41',NULL),(2356,10,2,'BIO9000010','2026-01-13 16:54:00','2026-01-13','Valid','Seed Jan OUT (Full-Day)',1,NULL,'2026-02-20 22:38:41','2026-02-20 22:38:41',NULL),(2357,10,2,'BIO9000010','2026-01-14 08:55:00','2026-01-14','Valid','Seed Jan IN (Full-Day)',1,NULL,'2026-02-20 22:38:41','2026-02-20 22:38:41',NULL),(2358,10,2,'BIO9000010','2026-01-14 17:00:00','2026-01-14','Valid','Seed Jan OUT (Full-Day)',1,NULL,'2026-02-20 22:38:41','2026-02-20 22:38:41',NULL),(2359,10,2,'BIO9000010','2026-01-15 08:55:00','2026-01-15','Valid','Seed Jan IN (Full-Day)',1,NULL,'2026-02-20 22:38:41','2026-02-20 22:38:41',NULL),(2360,10,2,'BIO9000010','2026-01-15 17:06:00','2026-01-15','Valid','Seed Jan OUT (Full-Day)',1,NULL,'2026-02-20 22:38:41','2026-02-20 22:38:41',NULL),(2361,10,2,'BIO9000010','2026-01-17 08:55:00','2026-01-17','Valid','Seed Jan IN (Full-Day)',1,NULL,'2026-02-20 22:38:41','2026-02-20 22:38:41',NULL),(2362,10,2,'BIO9000010','2026-01-17 17:00:00','2026-01-17','Valid','Seed Jan OUT (Full-Day)',1,NULL,'2026-02-20 22:38:41','2026-02-20 22:38:41',NULL),(2363,10,2,'BIO9000010','2026-01-19 08:55:00','2026-01-19','Valid','Seed Jan IN (Full-Day)',1,NULL,'2026-02-20 22:38:41','2026-02-20 22:38:41',NULL),(2364,10,2,'BIO9000010','2026-01-19 16:54:00','2026-01-19','Valid','Seed Jan OUT (Full-Day)',1,NULL,'2026-02-20 22:38:41','2026-02-20 22:38:41',NULL),(2365,10,2,'BIO9000010','2026-01-20 08:55:00','2026-01-20','Valid','Seed Jan IN (Full-Day)',1,NULL,'2026-02-20 22:38:41','2026-02-20 22:38:41',NULL),(2366,10,2,'BIO9000010','2026-01-20 17:00:00','2026-01-20','Valid','Seed Jan OUT (Full-Day)',1,NULL,'2026-02-20 22:38:41','2026-02-20 22:38:41',NULL),(2367,10,2,'BIO9000010','2026-01-21 08:55:00','2026-01-21','Valid','Seed Jan IN (Half-Day)',1,NULL,'2026-02-20 22:38:41','2026-02-20 22:38:41',NULL),(2368,10,2,'BIO9000010','2026-01-21 12:55:00','2026-01-21','Valid','Seed Jan OUT (Half-Day)',1,NULL,'2026-02-20 22:38:41','2026-02-20 22:38:41',NULL),(2369,10,2,'BIO9000010','2026-01-22 08:55:00','2026-01-22','Valid','Seed Jan IN (Full-Day)',1,NULL,'2026-02-20 22:38:41','2026-02-20 22:38:41',NULL),(2370,10,2,'BIO9000010','2026-01-22 16:54:00','2026-01-22','Valid','Seed Jan OUT (Full-Day)',1,NULL,'2026-02-20 22:38:41','2026-02-20 22:38:41',NULL),(2371,10,2,'BIO9000010','2026-01-23 08:55:00','2026-01-23','Valid','Seed Jan IN (Full-Day)',1,NULL,'2026-02-20 22:38:41','2026-02-20 22:38:41',NULL),(2372,10,2,'BIO9000010','2026-01-24 08:55:00','2026-01-24','Valid','Seed Jan IN (Full-Day)',1,NULL,'2026-02-20 22:38:41','2026-02-20 22:38:41',NULL),(2373,10,2,'BIO9000010','2026-01-24 17:06:00','2026-01-24','Valid','Seed Jan OUT (Full-Day)',1,NULL,'2026-02-20 22:38:41','2026-02-20 22:38:41',NULL),(2374,10,2,'BIO9000010','2026-01-26 08:55:00','2026-01-26','Valid','Seed Jan IN (Full-Day)',1,NULL,'2026-02-20 22:38:41','2026-02-20 22:38:41',NULL),(2375,10,2,'BIO9000010','2026-01-26 17:00:00','2026-01-26','Valid','Seed Jan OUT (Full-Day)',1,NULL,'2026-02-20 22:38:41','2026-02-20 22:38:41',NULL),(2376,10,2,'BIO9000010','2026-01-27 08:55:00','2026-01-27','Valid','Seed Jan IN (Full-Day)',1,NULL,'2026-02-20 22:38:41','2026-02-20 22:38:41',NULL),(2377,10,2,'BIO9000010','2026-01-27 17:06:00','2026-01-27','Valid','Seed Jan OUT (Full-Day)',1,NULL,'2026-02-20 22:38:41','2026-02-20 22:38:41',NULL),(2378,10,2,'BIO9000010','2026-01-29 08:55:00','2026-01-29','Valid','Seed Jan IN (Full-Day)',1,NULL,'2026-02-20 22:38:41','2026-02-20 22:38:41',NULL),(2379,10,2,'BIO9000010','2026-01-29 17:00:00','2026-01-29','Valid','Seed Jan OUT (Full-Day)',1,NULL,'2026-02-20 22:38:41','2026-02-20 22:38:41',NULL),(2380,10,2,'BIO9000010','2026-01-30 08:55:00','2026-01-30','Valid','Seed Jan IN (Full-Day)',1,NULL,'2026-02-20 22:38:41','2026-02-20 22:38:41',NULL),(2381,10,2,'BIO9000010','2026-01-30 17:06:00','2026-01-30','Valid','Seed Jan OUT (Full-Day)',1,NULL,'2026-02-20 22:38:41','2026-02-20 22:38:41',NULL),(2382,10,2,'BIO9000010','2026-01-31 08:55:00','2026-01-31','Valid','Seed Jan IN (Full-Day)',1,NULL,'2026-02-20 22:38:41','2026-02-20 22:38:41',NULL),(2383,10,2,'BIO9000010','2026-01-31 16:54:00','2026-01-31','Valid','Seed Jan OUT (Full-Day)',1,NULL,'2026-02-20 22:38:41','2026-02-20 22:38:41',NULL);
/*!40000 ALTER TABLE `biometric_punches` ENABLE KEYS */;
UNLOCK TABLES;

--
-- Table structure for table `buses`
--

DROP TABLE IF EXISTS `buses`;
/*!40101 SET @saved_cs_client     = @@character_set_client */;
/*!50503 SET character_set_client = utf8mb4 */;
CREATE TABLE `buses` (
  `busId` int NOT NULL AUTO_INCREMENT,
  `busNumber` varchar(20) NOT NULL COMMENT 'Registration number / Bus number plate (e.g. MH-01-AB-1234)',
  `name` varchar(100) DEFAULT NULL COMMENT 'Friendly name (e.g. "Route 1 Express", "Employee Shuttle A")',
  `busDriverName` varchar(100) DEFAULT NULL COMMENT 'Name of the current/assigned driver',
  `location` varchar(150) DEFAULT NULL COMMENT 'Base location / depot / starting point',
  `busRouteDetails` varchar(500) DEFAULT NULL COMMENT 'Route description or key stops',
  `status` enum('Active','Inactive','Maintenance','Out of Service') NOT NULL DEFAULT 'Active' COMMENT 'Current operational status of the bus',
  `companyId` int NOT NULL,
  `createdBy` int DEFAULT NULL,
  `updatedBy` int DEFAULT NULL,
  `createdAt` datetime NOT NULL,
  `updatedAt` datetime NOT NULL,
  `deletedAt` datetime DEFAULT NULL,
  PRIMARY KEY (`busId`),
  UNIQUE KEY `busNumber` (`busNumber`),
  UNIQUE KEY `unique_company_bus_number` (`companyId`,`busNumber`),
  UNIQUE KEY `busNumber_2` (`busNumber`),
  KEY `idx_bus_status` (`status`),
  KEY `idx_company_status` (`companyId`,`status`),
  KEY `createdBy` (`createdBy`),
  KEY `updatedBy` (`updatedBy`),
  CONSTRAINT `buses_ibfk_1` FOREIGN KEY (`companyId`) REFERENCES `companies` (`companyId`) ON DELETE CASCADE ON UPDATE CASCADE,
  CONSTRAINT `buses_ibfk_2` FOREIGN KEY (`createdBy`) REFERENCES `users` (`userId`) ON DELETE SET NULL ON UPDATE CASCADE,
  CONSTRAINT `buses_ibfk_3` FOREIGN KEY (`updatedBy`) REFERENCES `users` (`userId`) ON DELETE SET NULL ON UPDATE CASCADE
) ENGINE=InnoDB DEFAULT CHARSET=utf8mb4 COLLATE=utf8mb4_0900_ai_ci;
/*!40101 SET character_set_client = @saved_cs_client */;

--
-- Dumping data for table `buses`
--

LOCK TABLES `buses` WRITE;
/*!40000 ALTER TABLE `buses` DISABLE KEYS */;
/*!40000 ALTER TABLE `buses` ENABLE KEYS */;
UNLOCK TABLES;

--
-- Table structure for table `companies`
--

DROP TABLE IF EXISTS `companies`;
/*!40101 SET @saved_cs_client     = @@character_set_client */;
/*!50503 SET character_set_client = utf8mb4 */;
CREATE TABLE `companies` (
  `companyId` int NOT NULL AUTO_INCREMENT,
  `companyName` varchar(150) NOT NULL COMMENT 'Full legal/official name of the company',
  `companyAcr` varchar(20) NOT NULL COMMENT 'Short acronym/code (e.g. "ABCPL", "XYZHR")',
  `logo` varchar(500) DEFAULT NULL COMMENT 'Path/URL to company logo',
  `registrationNumber` varchar(50) DEFAULT NULL COMMENT 'Company registration / CIN number',
  `pan` varchar(10) DEFAULT NULL COMMENT 'Permanent Account Number (PAN)',
  `gst` varchar(15) DEFAULT NULL COMMENT 'GST Identification Number',
  `tin` varchar(20) DEFAULT NULL COMMENT 'Tax Identification Number (if applicable)',
  `phone` varchar(15) DEFAULT NULL,
  `email` varchar(150) DEFAULT NULL,
  `website` varchar(255) DEFAULT NULL,
  `addresses` json DEFAULT NULL COMMENT 'JSON object with registered/office/branch addresses',
  `bankName` varchar(100) DEFAULT NULL,
  `bankAccountNumber` varchar(50) DEFAULT NULL,
  `bankIfscCode` varchar(11) DEFAULT NULL,
  `financialYearStart` date DEFAULT NULL,
  `financialYearEnd` date DEFAULT NULL,
  `permissionHoursPerMonth` int DEFAULT '0' COMMENT 'Monthly permission hours quota for employees',
  `status` enum('Active','Inactive','Suspended') NOT NULL DEFAULT 'Active',
  `createdBy` int DEFAULT NULL,
  `updatedBy` int DEFAULT NULL,
  `createdAt` datetime NOT NULL,
  `updatedAt` datetime NOT NULL,
  `deletedAt` datetime DEFAULT NULL,
  PRIMARY KEY (`companyId`),
  UNIQUE KEY `companyAcr` (`companyAcr`),
  UNIQUE KEY `unique_company_acr` (`companyAcr`),
  UNIQUE KEY `unique_company_name` (`companyName`),
  UNIQUE KEY `companyAcr_2` (`companyAcr`),
  UNIQUE KEY `registrationNumber` (`registrationNumber`),
  UNIQUE KEY `pan` (`pan`),
  UNIQUE KEY `gst` (`gst`),
  UNIQUE KEY `registrationNumber_2` (`registrationNumber`),
  UNIQUE KEY `pan_2` (`pan`),
  UNIQUE KEY `gst_2` (`gst`),
  KEY `idx_company_status` (`status`),
  KEY `idx_company_id` (`companyId`),
  KEY `createdBy` (`createdBy`),
  KEY `updatedBy` (`updatedBy`),
  CONSTRAINT `companies_ibfk_1` FOREIGN KEY (`createdBy`) REFERENCES `users` (`userId`) ON DELETE SET NULL ON UPDATE CASCADE,
  CONSTRAINT `companies_ibfk_2` FOREIGN KEY (`updatedBy`) REFERENCES `users` (`userId`) ON DELETE SET NULL ON UPDATE CASCADE
) ENGINE=InnoDB AUTO_INCREMENT=2 DEFAULT CHARSET=utf8mb4 COLLATE=utf8mb4_0900_ai_ci;
/*!40101 SET character_set_client = @saved_cs_client */;

--
-- Dumping data for table `companies`
--

LOCK TABLES `companies` WRITE;
/*!40000 ALTER TABLE `companies` DISABLE KEYS */;
INSERT INTO `companies` VALUES (1,'National Engineering College','NEC',NULL,NULL,NULL,NULL,NULL,'0462-2555000','hr@nec.edu.in','https://nec.edu.in','{\"registered\": \"Kovilpatti, Thoothukudi, Tamil Nadu, India\"}',NULL,NULL,NULL,'2025-04-01','2026-03-31',6,'Active',1,1,'2026-02-20 07:25:54','2026-02-20 07:25:56',NULL);
/*!40000 ALTER TABLE `companies` ENABLE KEYS */;
UNLOCK TABLES;

--
-- Table structure for table `departments`
--

DROP TABLE IF EXISTS `departments`;
/*!40101 SET @saved_cs_client     = @@character_set_client */;
/*!50503 SET character_set_client = utf8mb4 */;
CREATE TABLE `departments` (
  `departmentId` int NOT NULL AUTO_INCREMENT,
  `departmentName` varchar(100) NOT NULL COMMENT 'Full name of the department (e.g. "Human Resources", "Finance & Accounts")',
  `departmentAcr` varchar(10) NOT NULL COMMENT 'Short code / abbreviation (e.g. HR, FIN, IT, OPS)',
  `status` enum('Active','Inactive','Archived') NOT NULL DEFAULT 'Active' COMMENT 'Current status of the department',
  `companyId` int NOT NULL,
  `createdBy` int DEFAULT NULL,
  `updatedBy` int DEFAULT NULL,
  `createdAt` datetime NOT NULL,
  `updatedAt` datetime NOT NULL,
  `deletedAt` datetime DEFAULT NULL,
  PRIMARY KEY (`departmentId`),
  UNIQUE KEY `unique_company_department_name` (`companyId`,`departmentName`),
  UNIQUE KEY `unique_company_department_acr` (`companyId`,`departmentAcr`),
  KEY `idx_company_department_status` (`companyId`,`status`),
  KEY `idx_department_status` (`status`),
  KEY `createdBy` (`createdBy`),
  KEY `updatedBy` (`updatedBy`),
  CONSTRAINT `departments_ibfk_1` FOREIGN KEY (`companyId`) REFERENCES `companies` (`companyId`) ON DELETE CASCADE ON UPDATE CASCADE,
  CONSTRAINT `departments_ibfk_2` FOREIGN KEY (`createdBy`) REFERENCES `users` (`userId`) ON DELETE SET NULL ON UPDATE CASCADE,
  CONSTRAINT `departments_ibfk_3` FOREIGN KEY (`updatedBy`) REFERENCES `users` (`userId`) ON DELETE SET NULL ON UPDATE CASCADE
) ENGINE=InnoDB AUTO_INCREMENT=9 DEFAULT CHARSET=utf8mb4 COLLATE=utf8mb4_0900_ai_ci;
/*!40101 SET character_set_client = @saved_cs_client */;

--
-- Dumping data for table `departments`
--

LOCK TABLES `departments` WRITE;
/*!40000 ALTER TABLE `departments` DISABLE KEYS */;
INSERT INTO `departments` VALUES (1,'cse','CSE','Active',1,NULL,NULL,'2026-02-20 07:25:54','2026-02-20 07:25:54',NULL),(2,'ece','ECE','Active',1,NULL,NULL,'2026-02-20 07:25:54','2026-02-20 07:25:54',NULL),(3,'mech','MECH','Active',1,NULL,NULL,'2026-02-20 07:25:54','2026-02-20 07:25:54',NULL),(4,'civil','CIVIL','Active',1,NULL,NULL,'2026-02-20 07:25:54','2026-02-20 07:25:54',NULL),(5,'eee','EEE','Active',1,NULL,NULL,'2026-02-20 07:25:54','2026-02-20 07:25:54',NULL),(6,'it','IT','Active',1,NULL,NULL,'2026-02-20 07:25:54','2026-02-20 07:25:54',NULL),(7,'aids','AIDS','Active',1,NULL,NULL,'2026-02-20 07:25:54','2026-02-20 07:25:54',NULL),(8,'admin','ADMIN','Active',1,NULL,NULL,'2026-02-20 07:25:54','2026-02-20 07:25:54',NULL);
/*!40000 ALTER TABLE `departments` ENABLE KEYS */;
UNLOCK TABLES;

--
-- Table structure for table `designations`
--

DROP TABLE IF EXISTS `designations`;
/*!40101 SET @saved_cs_client     = @@character_set_client */;
/*!50503 SET character_set_client = utf8mb4 */;
CREATE TABLE `designations` (
  `designationId` int NOT NULL AUTO_INCREMENT,
  `designationName` varchar(100) NOT NULL COMMENT 'Full name of the designation/post (e.g. "Senior Software Engineer", "Finance Manager")',
  `designationAcr` varchar(10) NOT NULL COMMENT 'Short code/abbreviation (e.g. "SSE", "AM", "TL", "FM")',
  `status` enum('Active','Inactive','Archived') NOT NULL DEFAULT 'Active' COMMENT 'Current status of the designation',
  `companyId` int NOT NULL,
  `createdBy` int DEFAULT NULL,
  `updatedBy` int DEFAULT NULL,
  `createdAt` datetime NOT NULL,
  `updatedAt` datetime NOT NULL,
  `deletedAt` datetime DEFAULT NULL,
  PRIMARY KEY (`designationId`),
  UNIQUE KEY `unique_company_designation_name` (`companyId`,`designationName`),
  UNIQUE KEY `unique_company_designation_acr` (`companyId`,`designationAcr`),
  KEY `idx_company_designation_status` (`companyId`,`status`),
  KEY `idx_designation_status` (`status`),
  KEY `createdBy` (`createdBy`),
  KEY `updatedBy` (`updatedBy`),
  CONSTRAINT `designations_ibfk_1` FOREIGN KEY (`companyId`) REFERENCES `companies` (`companyId`) ON DELETE CASCADE ON UPDATE CASCADE,
  CONSTRAINT `designations_ibfk_2` FOREIGN KEY (`createdBy`) REFERENCES `users` (`userId`) ON DELETE SET NULL ON UPDATE CASCADE,
  CONSTRAINT `designations_ibfk_3` FOREIGN KEY (`updatedBy`) REFERENCES `users` (`userId`) ON DELETE SET NULL ON UPDATE CASCADE
) ENGINE=InnoDB AUTO_INCREMENT=7 DEFAULT CHARSET=utf8mb4 COLLATE=utf8mb4_0900_ai_ci;
/*!40101 SET character_set_client = @saved_cs_client */;

--
-- Dumping data for table `designations`
--

LOCK TABLES `designations` WRITE;
/*!40000 ALTER TABLE `designations` DISABLE KEYS */;
INSERT INTO `designations` VALUES (1,'System Administrator','SYSADM','Active',1,NULL,NULL,'2026-02-20 07:25:54','2026-02-20 07:25:54',NULL),(2,'HR Executive','HREX','Active',1,NULL,NULL,'2026-02-20 07:25:54','2026-02-20 07:25:54',NULL),(3,'Professor','PROF','Active',1,NULL,NULL,'2026-02-20 07:25:54','2026-02-20 07:25:54',NULL),(4,'Assistant Professor','ASSTPROF','Active',1,NULL,NULL,'2026-02-20 07:25:54','2026-02-20 07:25:54',NULL),(5,'Office Staff','OSTAFF','Active',1,NULL,NULL,'2026-02-20 07:25:54','2026-02-20 07:25:54',NULL),(6,'Lab Assistant','LABASST','Active',1,NULL,NULL,'2026-02-20 07:25:54','2026-02-20 07:25:54',NULL);
/*!40000 ALTER TABLE `designations` ENABLE KEYS */;
UNLOCK TABLES;

--
-- Table structure for table `employee_grades`
--

DROP TABLE IF EXISTS `employee_grades`;
/*!40101 SET @saved_cs_client     = @@character_set_client */;
/*!50503 SET character_set_client = utf8mb4 */;
CREATE TABLE `employee_grades` (
  `employeeGradeId` int NOT NULL AUTO_INCREMENT,
  `employeeGradeName` varchar(255) NOT NULL COMMENT 'Full name of the grade (e.g. "Grade A - Senior", "Teaching Faculty Level 1")',
  `employeeGradeAcr` varchar(10) NOT NULL COMMENT 'Short code/abbreviation (e.g. "GA", "L1", "TCH-A")',
  `status` enum('Active','Inactive') NOT NULL DEFAULT 'Active',
  `companyId` int NOT NULL,
  `createdBy` int DEFAULT NULL,
  `updatedBy` int DEFAULT NULL,
  `createdAt` datetime NOT NULL,
  `updatedAt` datetime NOT NULL,
  `deletedAt` datetime DEFAULT NULL,
  PRIMARY KEY (`employeeGradeId`),
  UNIQUE KEY `unique_company_grade_name` (`companyId`,`employeeGradeName`),
  UNIQUE KEY `unique_company_grade_acr` (`companyId`,`employeeGradeAcr`),
  KEY `idx_company_grade_status` (`companyId`,`status`),
  KEY `createdBy` (`createdBy`),
  KEY `updatedBy` (`updatedBy`),
  CONSTRAINT `employee_grades_ibfk_1` FOREIGN KEY (`companyId`) REFERENCES `companies` (`companyId`) ON DELETE CASCADE ON UPDATE CASCADE,
  CONSTRAINT `employee_grades_ibfk_2` FOREIGN KEY (`createdBy`) REFERENCES `users` (`userId`) ON DELETE SET NULL ON UPDATE CASCADE,
  CONSTRAINT `employee_grades_ibfk_3` FOREIGN KEY (`updatedBy`) REFERENCES `users` (`userId`) ON DELETE SET NULL ON UPDATE CASCADE
) ENGINE=InnoDB AUTO_INCREMENT=4 DEFAULT CHARSET=utf8mb4 COLLATE=utf8mb4_0900_ai_ci;
/*!40101 SET character_set_client = @saved_cs_client */;

--
-- Dumping data for table `employee_grades`
--

LOCK TABLES `employee_grades` WRITE;
/*!40000 ALTER TABLE `employee_grades` DISABLE KEYS */;
INSERT INTO `employee_grades` VALUES (1,'Grade A - Senior','GA','Active',1,NULL,NULL,'2026-02-20 07:25:54','2026-02-20 07:25:54',NULL),(2,'Grade B - Mid','GB','Active',1,NULL,NULL,'2026-02-20 07:25:54','2026-02-20 07:25:54',NULL),(3,'Grade C - Junior','GC','Active',1,NULL,NULL,'2026-02-20 07:25:54','2026-02-20 07:25:54',NULL);
/*!40000 ALTER TABLE `employee_grades` ENABLE KEYS */;
UNLOCK TABLES;

--
-- Table structure for table `employee_loans`
--

DROP TABLE IF EXISTS `employee_loans`;
/*!40101 SET @saved_cs_client     = @@character_set_client */;
/*!50503 SET character_set_client = utf8mb4 */;
CREATE TABLE `employee_loans` (
  `employeeLoanId` int NOT NULL AUTO_INCREMENT,
  `staffId` int NOT NULL,
  `loanType` enum('Personal Loan','Home Loan','Vehicle Loan','Education Loan','Emergency Loan','Advance') NOT NULL DEFAULT 'Personal Loan',
  `loanAmount` decimal(10,2) NOT NULL COMMENT 'Total loan amount sanctioned',
  `interestRate` decimal(5,2) DEFAULT '0.00' COMMENT 'Interest rate percentage (if applicable)',
  `sanctionDate` date NOT NULL COMMENT 'Date when loan was sanctioned',
  `startDate` date NOT NULL COMMENT 'Date from which deduction starts',
  `numberOfInstallments` int NOT NULL COMMENT 'Total number of installments',
  `installmentAmount` decimal(10,2) NOT NULL COMMENT 'Amount to be deducted per month',
  `paidInstallments` int NOT NULL DEFAULT '0' COMMENT 'Number of installments paid so far',
  `paidAmount` decimal(10,2) NOT NULL DEFAULT '0.00' COMMENT 'Total amount paid so far',
  `status` enum('pending','active','completed','cancelled') NOT NULL DEFAULT 'pending' COMMENT 'Current status of the loan',
  `approvedBy` int DEFAULT NULL COMMENT 'Employee ID who approved the loan',
  `approvedDate` date DEFAULT NULL COMMENT 'Date when loan was approved',
  `remarks` text COMMENT 'Additional remarks or notes',
  `reason` text COMMENT 'Reason for taking the loan',
  `createdAt` datetime NOT NULL,
  `updatedAt` datetime NOT NULL,
  `createdBy` int DEFAULT NULL,
  `updatedBy` int DEFAULT NULL,
  PRIMARY KEY (`employeeLoanId`),
  KEY `employee_loans_staff_id` (`staffId`),
  KEY `employee_loans_status` (`status`),
  KEY `employee_loans_sanction_date` (`sanctionDate`),
  KEY `approvedBy` (`approvedBy`),
  KEY `createdBy` (`createdBy`),
  KEY `updatedBy` (`updatedBy`),
  CONSTRAINT `employee_loans_ibfk_1` FOREIGN KEY (`staffId`) REFERENCES `staff_details` (`staffId`) ON DELETE CASCADE ON UPDATE CASCADE,
  CONSTRAINT `employee_loans_ibfk_2` FOREIGN KEY (`approvedBy`) REFERENCES `staff_details` (`staffId`) ON DELETE SET NULL ON UPDATE CASCADE,
  CONSTRAINT `employee_loans_ibfk_3` FOREIGN KEY (`createdBy`) REFERENCES `users` (`userId`) ON DELETE SET NULL ON UPDATE CASCADE,
  CONSTRAINT `employee_loans_ibfk_4` FOREIGN KEY (`updatedBy`) REFERENCES `users` (`userId`) ON DELETE SET NULL ON UPDATE CASCADE
) ENGINE=InnoDB DEFAULT CHARSET=utf8mb4 COLLATE=utf8mb4_0900_ai_ci;
/*!40101 SET character_set_client = @saved_cs_client */;

--
-- Dumping data for table `employee_loans`
--

LOCK TABLES `employee_loans` WRITE;
/*!40000 ALTER TABLE `employee_loans` DISABLE KEYS */;
/*!40000 ALTER TABLE `employee_loans` ENABLE KEYS */;
UNLOCK TABLES;

--
-- Table structure for table `employee_salary_components`
--

DROP TABLE IF EXISTS `employee_salary_components`;
/*!40101 SET @saved_cs_client     = @@character_set_client */;
/*!50503 SET character_set_client = utf8mb4 */;
CREATE TABLE `employee_salary_components` (
  `employeeSalaryComponentid` int NOT NULL AUTO_INCREMENT,
  `employeeSalaryMasterId` int NOT NULL,
  `componentId` int NOT NULL,
  `componentName` varchar(255) NOT NULL COMMENT 'Component name stored for historical reference',
  `componentCode` varchar(255) NOT NULL COMMENT 'Component code stored for historical reference',
  `componentType` enum('Earning','Deduction') NOT NULL,
  `valueType` enum('Fixed','Percentage','Formula') NOT NULL COMMENT 'How this component is calculated',
  `fixedAmount` decimal(10,2) DEFAULT NULL COMMENT 'Used when valueType is Fixed',
  `percentageValue` decimal(5,2) DEFAULT NULL COMMENT 'Used when valueType is Percentage (e.g., 40 for 40%)',
  `percentageBase` varchar(50) DEFAULT NULL COMMENT 'Component code to calculate percentage on (e.g., BASIC, GROSS)',
  `formulaId` int DEFAULT NULL,
  `formulaExpression` text COMMENT 'Stored formula expression for historical reference',
  `calculatedAmount` decimal(10,2) NOT NULL COMMENT 'Final monthly amount for this component',
  `annualAmount` decimal(12,2) NOT NULL COMMENT 'Annual amount (calculatedAmount * 12)',
  `isStatutory` tinyint(1) DEFAULT '0' COMMENT 'Whether this is a statutory component (PF, ESI, etc.)',
  `isTaxable` tinyint(1) DEFAULT '1' COMMENT 'Whether this component is taxable',
  `affectsGrossSalary` tinyint(1) DEFAULT '1' COMMENT 'Whether this affects gross salary calculation',
  `affectsNetSalary` tinyint(1) DEFAULT '1' COMMENT 'Whether this affects net salary calculation',
  `displayOrder` int DEFAULT '0' COMMENT 'Order for display in payslip',
  `remarks` text,
  `createdAt` datetime NOT NULL,
  `updatedAt` datetime NOT NULL,
  `salaryComponentId` int DEFAULT NULL,
  `createdBy` int DEFAULT NULL,
  `updatedBy` int DEFAULT NULL,
  PRIMARY KEY (`employeeSalaryComponentid`),
  KEY `employee_salary_components_employee_salary_master_id` (`employeeSalaryMasterId`),
  KEY `employee_salary_components_component_id` (`componentId`),
  KEY `employee_salary_components_component_code` (`componentCode`),
  KEY `formulaId` (`formulaId`),
  KEY `salaryComponentId` (`salaryComponentId`),
  KEY `createdBy` (`createdBy`),
  KEY `updatedBy` (`updatedBy`),
  CONSTRAINT `employee_salary_components_ibfk_1` FOREIGN KEY (`employeeSalaryMasterId`) REFERENCES `employee_salary_masters` (`employeeSalaryMasterId`) ON DELETE CASCADE ON UPDATE CASCADE,
  CONSTRAINT `employee_salary_components_ibfk_2` FOREIGN KEY (`componentId`) REFERENCES `salary_components` (`salaryComponentId`) ON DELETE RESTRICT,
  CONSTRAINT `employee_salary_components_ibfk_3` FOREIGN KEY (`formulaId`) REFERENCES `formulas` (`formulaId`) ON DELETE SET NULL,
  CONSTRAINT `employee_salary_components_ibfk_4` FOREIGN KEY (`salaryComponentId`) REFERENCES `salary_components` (`salaryComponentId`) ON DELETE SET NULL ON UPDATE CASCADE,
  CONSTRAINT `employee_salary_components_ibfk_5` FOREIGN KEY (`createdBy`) REFERENCES `users` (`userId`) ON DELETE SET NULL ON UPDATE CASCADE,
  CONSTRAINT `employee_salary_components_ibfk_6` FOREIGN KEY (`updatedBy`) REFERENCES `users` (`userId`) ON DELETE SET NULL ON UPDATE CASCADE
) ENGINE=InnoDB DEFAULT CHARSET=utf8mb4 COLLATE=utf8mb4_0900_ai_ci;
/*!40101 SET character_set_client = @saved_cs_client */;

--
-- Dumping data for table `employee_salary_components`
--

LOCK TABLES `employee_salary_components` WRITE;
/*!40000 ALTER TABLE `employee_salary_components` DISABLE KEYS */;
/*!40000 ALTER TABLE `employee_salary_components` ENABLE KEYS */;
UNLOCK TABLES;

--
-- Table structure for table `employee_salary_masters`
--

DROP TABLE IF EXISTS `employee_salary_masters`;
/*!40101 SET @saved_cs_client     = @@character_set_client */;
/*!50503 SET character_set_client = utf8mb4 */;
CREATE TABLE `employee_salary_masters` (
  `employeeSalaryMasterId` int NOT NULL AUTO_INCREMENT,
  `staffId` int NOT NULL,
  `companyId` int NOT NULL,
  `effectiveFrom` date NOT NULL COMMENT 'Date from which this salary structure is effective',
  `effectiveTo` date DEFAULT NULL COMMENT 'Date until which this salary structure is effective (NULL = current)',
  `basicSalary` decimal(12,2) NOT NULL COMMENT 'Basic salary component',
  `grossSalary` decimal(12,2) NOT NULL COMMENT 'Total of all earnings',
  `totalDeductions` decimal(12,2) NOT NULL DEFAULT '0.00' COMMENT 'Total monthly deductions',
  `netSalary` decimal(12,2) NOT NULL COMMENT 'Take home = Gross - Deductions',
  `ctcAnnual` decimal(12,2) NOT NULL COMMENT 'Annual Cost to Company',
  `ctcMonthly` decimal(12,2) NOT NULL COMMENT 'Monthly CTC',
  `revisionType` enum('Initial','Annual_Hike','Promotion','Special_Increment','Correction','Transfer') NOT NULL DEFAULT 'Initial' COMMENT 'Type of salary revision',
  `revisionPercentage` decimal(5,2) DEFAULT NULL COMMENT 'Hike percentage (e.g., 10.50 for 10.5%)',
  `previousSalaryId` int DEFAULT NULL COMMENT 'Reference to previous salary structure (self-reference)',
  `status` enum('Draft','Active','Superseded','Cancelled') NOT NULL DEFAULT 'Active' COMMENT 'Active = current salary, Superseded = replaced by new revision',
  `remarks` text,
  `createdBy` int DEFAULT NULL COMMENT 'User who created this salary record',
  `updatedBy` int DEFAULT NULL COMMENT 'User who last updated this salary record',
  `approvedBy` int DEFAULT NULL COMMENT 'User who approved this salary revision',
  `approvedDate` datetime DEFAULT NULL,
  `createdAt` datetime NOT NULL,
  `updatedAt` datetime NOT NULL,
  `deletedAt` datetime DEFAULT NULL,
  PRIMARY KEY (`employeeSalaryMasterId`),
  KEY `idx_employee_effective_from` (`staffId`,`effectiveFrom`),
  KEY `idx_employee_status` (`staffId`,`status`),
  KEY `idx_company_effective_from` (`companyId`,`effectiveFrom`),
  KEY `previousSalaryId` (`previousSalaryId`),
  KEY `createdBy` (`createdBy`),
  KEY `updatedBy` (`updatedBy`),
  KEY `approvedBy` (`approvedBy`),
  CONSTRAINT `employee_salary_masters_ibfk_1` FOREIGN KEY (`staffId`) REFERENCES `staff_details` (`staffId`) ON DELETE CASCADE ON UPDATE CASCADE,
  CONSTRAINT `employee_salary_masters_ibfk_2` FOREIGN KEY (`companyId`) REFERENCES `companies` (`companyId`) ON DELETE CASCADE ON UPDATE CASCADE,
  CONSTRAINT `employee_salary_masters_ibfk_3` FOREIGN KEY (`previousSalaryId`) REFERENCES `employee_salary_masters` (`employeeSalaryMasterId`) ON DELETE SET NULL ON UPDATE CASCADE,
  CONSTRAINT `employee_salary_masters_ibfk_4` FOREIGN KEY (`createdBy`) REFERENCES `users` (`userId`) ON DELETE SET NULL ON UPDATE CASCADE,
  CONSTRAINT `employee_salary_masters_ibfk_5` FOREIGN KEY (`updatedBy`) REFERENCES `users` (`userId`) ON DELETE SET NULL ON UPDATE CASCADE,
  CONSTRAINT `employee_salary_masters_ibfk_6` FOREIGN KEY (`approvedBy`) REFERENCES `users` (`userId`) ON DELETE SET NULL ON UPDATE CASCADE
) ENGINE=InnoDB DEFAULT CHARSET=utf8mb4 COLLATE=utf8mb4_0900_ai_ci;
/*!40101 SET character_set_client = @saved_cs_client */;

--
-- Dumping data for table `employee_salary_masters`
--

LOCK TABLES `employee_salary_masters` WRITE;
/*!40000 ALTER TABLE `employee_salary_masters` DISABLE KEYS */;
/*!40000 ALTER TABLE `employee_salary_masters` ENABLE KEYS */;
UNLOCK TABLES;

--
-- Table structure for table `formulas`
--

DROP TABLE IF EXISTS `formulas`;
/*!40101 SET @saved_cs_client     = @@character_set_client */;
/*!50503 SET character_set_client = utf8mb4 */;
CREATE TABLE `formulas` (
  `formulaId` int NOT NULL AUTO_INCREMENT,
  `name` varchar(255) NOT NULL COMMENT 'Formula name for identification (e.g. "Basic + HRA Allowance")',
  `description` text COMMENT 'Description of what this formula calculates',
  `formulaType` enum('Simple','Conditional','Complex') NOT NULL DEFAULT 'Simple' COMMENT 'Type of formula structure',
  `formulaExpression` text NOT NULL COMMENT 'The actual formula expression (e.g., BASIC + HRA * 0.5)',
  `formulaJson` json NOT NULL COMMENT 'JSON structure of formula for visual builder',
  `variables` json DEFAULT NULL COMMENT 'List of component codes/names used in this formula',
  `targetComponentId` int DEFAULT NULL COMMENT 'The salary component this formula calculates',
  `applicableDesignations` json DEFAULT NULL COMMENT 'Array of designation IDs this formula applies to. Empty = all designations.',
  `isActive` tinyint(1) NOT NULL DEFAULT '1' COMMENT 'Whether this formula is currently active',
  `validFrom` datetime DEFAULT NULL COMMENT 'Date from which this formula is valid',
  `validTo` datetime DEFAULT NULL COMMENT 'Date until which this formula is valid',
  `priority` int NOT NULL DEFAULT '0' COMMENT 'Execution priority (lower number = higher priority)',
  `companyId` int NOT NULL,
  `createdBy` int DEFAULT NULL COMMENT 'User ID who created this formula',
  `updatedBy` int DEFAULT NULL COMMENT 'User ID who last updated this formula',
  `createdAt` datetime NOT NULL,
  `updatedAt` datetime NOT NULL,
  PRIMARY KEY (`formulaId`),
  KEY `idx_company_active` (`companyId`,`isActive`),
  KEY `idx_target_component` (`targetComponentId`),
  KEY `idx_formula_type_active` (`formulaType`,`isActive`),
  KEY `createdBy` (`createdBy`),
  KEY `updatedBy` (`updatedBy`),
  CONSTRAINT `formulas_ibfk_1` FOREIGN KEY (`targetComponentId`) REFERENCES `salary_components` (`salaryComponentId`) ON DELETE SET NULL ON UPDATE CASCADE,
  CONSTRAINT `formulas_ibfk_2` FOREIGN KEY (`companyId`) REFERENCES `companies` (`companyId`) ON DELETE CASCADE ON UPDATE CASCADE,
  CONSTRAINT `formulas_ibfk_3` FOREIGN KEY (`createdBy`) REFERENCES `users` (`userId`) ON DELETE SET NULL ON UPDATE CASCADE,
  CONSTRAINT `formulas_ibfk_4` FOREIGN KEY (`updatedBy`) REFERENCES `users` (`userId`) ON DELETE SET NULL ON UPDATE CASCADE
) ENGINE=InnoDB DEFAULT CHARSET=utf8mb4 COLLATE=utf8mb4_0900_ai_ci;
/*!40101 SET character_set_client = @saved_cs_client */;

--
-- Dumping data for table `formulas`
--

LOCK TABLES `formulas` WRITE;
/*!40000 ALTER TABLE `formulas` DISABLE KEYS */;
/*!40000 ALTER TABLE `formulas` ENABLE KEYS */;
UNLOCK TABLES;

--
-- Table structure for table `google_auth`
--

DROP TABLE IF EXISTS `google_auth`;
/*!40101 SET @saved_cs_client     = @@character_set_client */;
/*!50503 SET character_set_client = utf8mb4 */;
CREATE TABLE `google_auth` (
  `googleAuthId` int NOT NULL AUTO_INCREMENT,
  `googleId` varchar(100) NOT NULL COMMENT 'Google user ID (sub claim from OAuth token)',
  `email` varchar(150) NOT NULL COMMENT 'Google account email address',
  `firstName` varchar(50) DEFAULT NULL,
  `lastName` varchar(50) DEFAULT NULL,
  `profilePic` varchar(500) DEFAULT NULL COMMENT 'URL to Google profile picture',
  `lastLogin` datetime DEFAULT NULL COMMENT 'Timestamp of most recent login with Google',
  `userId` int DEFAULT NULL COMMENT 'Link to the main user account (if connected)',
  `createdBy` int DEFAULT NULL,
  `updatedBy` int DEFAULT NULL,
  `createdAt` datetime NOT NULL,
  `updatedAt` datetime NOT NULL,
  `deletedAt` datetime DEFAULT NULL,
  PRIMARY KEY (`googleAuthId`),
  UNIQUE KEY `googleId` (`googleId`),
  UNIQUE KEY `email` (`email`),
  UNIQUE KEY `idx_google_id_unique` (`googleId`),
  UNIQUE KEY `idx_email_unique` (`email`),
  UNIQUE KEY `googleId_2` (`googleId`),
  UNIQUE KEY `email_2` (`email`),
  KEY `idx_user_id` (`userId`),
  KEY `createdBy` (`createdBy`),
  KEY `updatedBy` (`updatedBy`),
  CONSTRAINT `google_auth_ibfk_1` FOREIGN KEY (`userId`) REFERENCES `users` (`userId`) ON DELETE SET NULL ON UPDATE CASCADE,
  CONSTRAINT `google_auth_ibfk_2` FOREIGN KEY (`createdBy`) REFERENCES `users` (`userId`) ON DELETE SET NULL ON UPDATE CASCADE,
  CONSTRAINT `google_auth_ibfk_3` FOREIGN KEY (`updatedBy`) REFERENCES `users` (`userId`) ON DELETE SET NULL ON UPDATE CASCADE
) ENGINE=InnoDB AUTO_INCREMENT=4 DEFAULT CHARSET=utf8mb4 COLLATE=utf8mb4_0900_ai_ci;
/*!40101 SET character_set_client = @saved_cs_client */;

--
-- Dumping data for table `google_auth`
--

LOCK TABLES `google_auth` WRITE;
/*!40000 ALTER TABLE `google_auth` DISABLE KEYS */;
INSERT INTO `google_auth` VALUES (1,'106036240124025554846','2312078@nec.edu.in','BALAKRISHNA T','CSE - 2023','https://lh3.googleusercontent.com/a/ACg8ocJ3uvuAgTi7n8aajXkU0ulb8BF4tJy0fN064PxnxkBbvTBAqg=s96-c','2026-02-20 13:44:10',1,NULL,NULL,'2026-02-20 09:43:51','2026-02-20 13:44:10',NULL);
/*!40000 ALTER TABLE `google_auth` ENABLE KEYS */;
UNLOCK TABLES;

--
-- Table structure for table `holiday_plans`
--

DROP TABLE IF EXISTS `holiday_plans`;
/*!40101 SET @saved_cs_client     = @@character_set_client */;
/*!50503 SET character_set_client = utf8mb4 */;
CREATE TABLE `holiday_plans` (
  `holidayPlanId` int NOT NULL AUTO_INCREMENT,
  `holidayPlanName` varchar(255) NOT NULL COMMENT 'Name of the holiday plan/year (e.g. "2025 Company Holidays")',
  `startDate` date NOT NULL,
  `endDate` date NOT NULL,
  `status` enum('Active','Inactive') NOT NULL DEFAULT 'Active',
  `companyId` int NOT NULL,
  `createdBy` int DEFAULT NULL,
  `updatedBy` int DEFAULT NULL,
  `createdAt` datetime NOT NULL,
  `updatedAt` datetime NOT NULL,
  `deletedAt` datetime DEFAULT NULL,
  PRIMARY KEY (`holidayPlanId`),
  KEY `idx_company_holiday_period` (`companyId`,`startDate`,`endDate`),
  KEY `idx_holiday_plan_status` (`status`),
  KEY `createdBy` (`createdBy`),
  KEY `updatedBy` (`updatedBy`),
  CONSTRAINT `holiday_plans_ibfk_1` FOREIGN KEY (`companyId`) REFERENCES `companies` (`companyId`) ON DELETE CASCADE ON UPDATE CASCADE,
  CONSTRAINT `holiday_plans_ibfk_2` FOREIGN KEY (`createdBy`) REFERENCES `users` (`userId`) ON DELETE SET NULL ON UPDATE CASCADE,
  CONSTRAINT `holiday_plans_ibfk_3` FOREIGN KEY (`updatedBy`) REFERENCES `users` (`userId`) ON DELETE SET NULL ON UPDATE CASCADE
) ENGINE=InnoDB AUTO_INCREMENT=2 DEFAULT CHARSET=utf8mb4 COLLATE=utf8mb4_0900_ai_ci;
/*!40101 SET character_set_client = @saved_cs_client */;

--
-- Dumping data for table `holiday_plans`
--

LOCK TABLES `holiday_plans` WRITE;
/*!40000 ALTER TABLE `holiday_plans` DISABLE KEYS */;
INSERT INTO `holiday_plans` VALUES (1,'NEC Default Holiday Plan 2026-01-01 to 2026-02-28','2026-01-01','2026-02-28','Active',1,1,1,'2026-02-20 07:25:57','2026-02-20 07:25:57',NULL);
/*!40000 ALTER TABLE `holiday_plans` ENABLE KEYS */;
UNLOCK TABLES;

--
-- Table structure for table `holidays`
--

DROP TABLE IF EXISTS `holidays`;
/*!40101 SET @saved_cs_client     = @@character_set_client */;
/*!50503 SET character_set_client = utf8mb4 */;
CREATE TABLE `holidays` (
  `holidayId` int NOT NULL AUTO_INCREMENT,
  `holidayDate` date NOT NULL COMMENT 'Date of the holiday or week off',
  `description` varchar(255) NOT NULL COMMENT 'Name/description of the holiday (e.g. "Republic Day", "Diwali")',
  `type` enum('Holiday','Week Off','Optional Holiday') NOT NULL DEFAULT 'Holiday' COMMENT 'Type of day: mandatory holiday or weekly off',
  `holidayPlanId` int NOT NULL,
  `companyId` int NOT NULL,
  `status` enum('Active','Inactive') NOT NULL DEFAULT 'Active',
  `createdBy` int DEFAULT NULL,
  `updatedBy` int DEFAULT NULL,
  `createdAt` datetime NOT NULL,
  `updatedAt` datetime NOT NULL,
  `deletedAt` datetime DEFAULT NULL,
  PRIMARY KEY (`holidayId`),
  UNIQUE KEY `unique_plan_date` (`holidayPlanId`,`holidayDate`),
  KEY `idx_company_holiday_date` (`companyId`,`holidayDate`),
  KEY `createdBy` (`createdBy`),
  KEY `updatedBy` (`updatedBy`),
  CONSTRAINT `holidays_ibfk_1` FOREIGN KEY (`holidayPlanId`) REFERENCES `holiday_plans` (`holidayPlanId`) ON DELETE CASCADE ON UPDATE CASCADE,
  CONSTRAINT `holidays_ibfk_2` FOREIGN KEY (`companyId`) REFERENCES `companies` (`companyId`) ON DELETE CASCADE ON UPDATE CASCADE,
  CONSTRAINT `holidays_ibfk_3` FOREIGN KEY (`createdBy`) REFERENCES `users` (`userId`) ON DELETE SET NULL ON UPDATE CASCADE,
  CONSTRAINT `holidays_ibfk_4` FOREIGN KEY (`updatedBy`) REFERENCES `users` (`userId`) ON DELETE SET NULL ON UPDATE CASCADE
) ENGINE=InnoDB AUTO_INCREMENT=15 DEFAULT CHARSET=utf8mb4 COLLATE=utf8mb4_0900_ai_ci;
/*!40101 SET character_set_client = @saved_cs_client */;

--
-- Dumping data for table `holidays`
--

LOCK TABLES `holidays` WRITE;
/*!40000 ALTER TABLE `holidays` DISABLE KEYS */;
INSERT INTO `holidays` VALUES (1,'2026-01-01','New Year\'s Day','Holiday',1,1,'Active',1,1,'2026-02-20 07:25:57','2026-02-20 07:25:57',NULL),(2,'2026-01-14','Bhogi','Holiday',1,1,'Active',1,1,'2026-02-20 07:25:57','2026-02-20 07:25:57',NULL),(3,'2026-01-15','Pongal','Holiday',1,1,'Active',1,1,'2026-02-20 07:25:57','2026-02-20 07:25:57',NULL),(4,'2026-01-16','Thiruvalluvar Day','Holiday',1,1,'Active',1,1,'2026-02-20 07:25:57','2026-02-20 07:25:57',NULL),(5,'2026-01-17','Uzhavar Thirunal','Holiday',1,1,'Active',1,1,'2026-02-20 07:25:57','2026-02-20 07:25:57',NULL),(6,'2026-01-26','Republic Day','Holiday',1,1,'Active',1,1,'2026-02-20 07:25:57','2026-02-20 07:25:57',NULL),(7,'2026-02-01','Thaipoosam','Holiday',1,1,'Active',1,1,'2026-02-20 07:25:57','2026-02-20 07:25:57',NULL);
/*!40000 ALTER TABLE `holidays` ENABLE KEYS */;
UNLOCK TABLES;

--
-- Table structure for table `leave_allocations`
--

DROP TABLE IF EXISTS `leave_allocations`;
/*!40101 SET @saved_cs_client     = @@character_set_client */;
/*!50503 SET character_set_client = utf8mb4 */;
CREATE TABLE `leave_allocations` (
  `leaveAllocationId` int NOT NULL AUTO_INCREMENT,
  `staffId` int NOT NULL,
  `leaveTypeId` int NOT NULL,
  `leavePolicyId` int DEFAULT NULL COMMENT 'The policy from which this allocation was derived',
  `companyId` int NOT NULL,
  `allocatedLeaves` decimal(10,2) NOT NULL DEFAULT '0.00',
  `carryForwardFromPrevious` decimal(10,2) NOT NULL DEFAULT '0.00' COMMENT 'Carry forward balance from previous period',
  `usedLeaves` decimal(10,2) NOT NULL DEFAULT '0.00' COMMENT 'Leaves used/taken in this period',
  `maxCarryForwardLimit` decimal(10,2) DEFAULT NULL COMMENT 'Maximum days that can be carried forward (per-employee override)',
  `carryForwardExpiryDate` date DEFAULT NULL COMMENT 'Date by which carry forward must be used',
  `isProRated` tinyint(1) NOT NULL DEFAULT '0' COMMENT 'Is this allocation pro-rated for mid-year joiner',
  `proRatedDays` decimal(10,2) DEFAULT NULL COMMENT 'Pro-rated allocation for partial period',
  `enableMonthlyAccrual` tinyint(1) NOT NULL DEFAULT '0',
  `monthlyAccrualRate` decimal(10,2) DEFAULT NULL COMMENT 'Leaves to be accrued per month',
  `accrualCondition` enum('first_year','all_employees','grade_based') DEFAULT NULL COMMENT 'Condition for monthly accrual',
  `totalAccruedTillDate` decimal(10,2) NOT NULL DEFAULT '0.00' COMMENT 'Total accrued till current date',
  `allowNegativeBalance` tinyint(1) NOT NULL DEFAULT '0',
  `maxNegativeLimit` decimal(10,2) DEFAULT '0.00' COMMENT 'Maximum negative balance allowed',
  `status` enum('Active','Expired','Cancelled') NOT NULL DEFAULT 'Active',
  `allocatedDate` date NOT NULL,
  `effectiveFrom` date NOT NULL,
  `effectiveTo` date NOT NULL,
  `notifyEmployee` tinyint(1) NOT NULL DEFAULT '1',
  `notifyManager` tinyint(1) NOT NULL DEFAULT '0',
  `notes` text,
  `createdBy` int DEFAULT NULL,
  `updatedBy` int DEFAULT NULL,
  `createdAt` datetime NOT NULL,
  `updatedAt` datetime NOT NULL,
  PRIMARY KEY (`leaveAllocationId`),
  UNIQUE KEY `unique_allocation_per_employee_type_period` (`staffId`,`leaveTypeId`,`effectiveFrom`,`effectiveTo`),
  KEY `leaveTypeId` (`leaveTypeId`),
  KEY `leavePolicyId` (`leavePolicyId`),
  KEY `companyId` (`companyId`),
  KEY `createdBy` (`createdBy`),
  KEY `updatedBy` (`updatedBy`),
  CONSTRAINT `leave_allocations_ibfk_1` FOREIGN KEY (`staffId`) REFERENCES `staff_details` (`staffId`) ON DELETE CASCADE ON UPDATE CASCADE,
  CONSTRAINT `leave_allocations_ibfk_2` FOREIGN KEY (`leaveTypeId`) REFERENCES `leave_types` (`leaveTypeId`) ON DELETE CASCADE ON UPDATE CASCADE,
  CONSTRAINT `leave_allocations_ibfk_3` FOREIGN KEY (`leavePolicyId`) REFERENCES `leave_policies` (`leavePolicyId`) ON DELETE SET NULL ON UPDATE CASCADE,
  CONSTRAINT `leave_allocations_ibfk_4` FOREIGN KEY (`companyId`) REFERENCES `companies` (`companyId`) ON DELETE CASCADE ON UPDATE CASCADE,
  CONSTRAINT `leave_allocations_ibfk_5` FOREIGN KEY (`createdBy`) REFERENCES `users` (`userId`) ON DELETE SET NULL ON UPDATE CASCADE,
  CONSTRAINT `leave_allocations_ibfk_6` FOREIGN KEY (`updatedBy`) REFERENCES `users` (`userId`) ON DELETE SET NULL ON UPDATE CASCADE
) ENGINE=InnoDB AUTO_INCREMENT=62 DEFAULT CHARSET=utf8mb4 COLLATE=utf8mb4_0900_ai_ci;
/*!40101 SET character_set_client = @saved_cs_client */;

--
-- Dumping data for table `leave_allocations`
--

LOCK TABLES `leave_allocations` WRITE;
/*!40000 ALTER TABLE `leave_allocations` DISABLE KEYS */;
INSERT INTO `leave_allocations` VALUES (1,1,1,2,1,24.00,0.00,10.00,NULL,NULL,0,NULL,0,NULL,NULL,24.00,0,0.00,'Expired','2024-04-01','2024-04-01','2025-03-31',1,0,'Seeded allocation for previous leave period',1,1,'2026-02-20 07:26:00','2026-02-20 07:26:00'),(2,1,1,2,1,24.00,8.00,2.00,NULL,NULL,0,NULL,0,NULL,NULL,24.00,0,0.00,'Active','2025-04-01','2025-04-01','2026-03-31',1,0,'Seeded allocation for current leave period',1,1,'2026-02-20 07:26:00','2026-02-20 07:26:00'),(3,1,2,4,1,12.00,0.00,4.00,NULL,NULL,0,NULL,0,NULL,NULL,12.00,0,0.00,'Expired','2024-04-01','2024-04-01','2025-03-31',1,0,'Seeded allocation for previous leave period',1,1,'2026-02-20 07:26:00','2026-02-20 07:26:00'),(4,1,2,4,1,12.00,0.00,1.00,NULL,NULL,0,NULL,0,NULL,NULL,12.00,0,0.00,'Active','2025-04-01','2025-04-01','2026-03-31',1,0,'Seeded allocation for current leave period',1,1,'2026-02-20 07:26:00','2026-02-20 07:26:00'),(5,1,3,6,1,10.00,0.00,3.00,NULL,NULL,0,NULL,0,NULL,NULL,10.00,0,0.00,'Expired','2024-04-01','2024-04-01','2025-03-31',1,0,'Seeded allocation for previous leave period',1,1,'2026-02-20 07:26:00','2026-02-20 07:26:00'),(6,1,3,6,1,10.00,0.00,1.00,NULL,NULL,0,NULL,0,NULL,NULL,10.00,0,0.00,'Active','2025-04-01','2025-04-01','2026-03-31',1,0,'Seeded allocation for current leave period',1,1,'2026-02-20 07:26:00','2026-02-20 07:26:00'),(7,2,1,2,1,24.00,0.00,10.00,NULL,NULL,0,NULL,0,NULL,NULL,24.00,0,0.00,'Expired','2024-04-01','2024-04-01','2025-03-31',1,0,'Seeded allocation for previous leave period',1,1,'2026-02-20 07:26:00','2026-02-20 07:26:00'),(8,2,1,2,1,24.00,8.00,2.00,NULL,NULL,0,NULL,0,NULL,NULL,24.00,0,0.00,'Active','2025-04-01','2025-04-01','2026-03-31',1,0,'Seeded allocation for current leave period',1,1,'2026-02-20 07:26:00','2026-02-20 07:26:00'),(9,2,2,4,1,12.00,0.00,4.00,NULL,NULL,0,NULL,0,NULL,NULL,12.00,0,0.00,'Expired','2024-04-01','2024-04-01','2025-03-31',1,0,'Seeded allocation for previous leave period',1,1,'2026-02-20 07:26:00','2026-02-20 07:26:00'),(10,2,2,4,1,12.00,0.00,1.00,NULL,NULL,0,NULL,0,NULL,NULL,12.00,0,0.00,'Active','2025-04-01','2025-04-01','2026-03-31',1,0,'Seeded allocation for current leave period',1,1,'2026-02-20 07:26:00','2026-02-20 07:26:00'),(11,2,3,6,1,10.00,0.00,3.00,NULL,NULL,0,NULL,0,NULL,NULL,10.00,0,0.00,'Expired','2024-04-01','2024-04-01','2025-03-31',1,0,'Seeded allocation for previous leave period',1,1,'2026-02-20 07:26:00','2026-02-20 07:26:00'),(12,2,3,6,1,10.00,0.00,1.00,NULL,NULL,0,NULL,0,NULL,NULL,10.00,0,0.00,'Active','2025-04-01','2025-04-01','2026-03-31',1,0,'Seeded allocation for current leave period',1,1,'2026-02-20 07:26:00','2026-02-20 07:26:00'),(13,3,1,2,1,24.00,0.00,10.00,NULL,NULL,0,NULL,0,NULL,NULL,24.00,0,0.00,'Expired','2024-04-01','2024-04-01','2025-03-31',1,0,'Seeded allocation for previous leave period',1,1,'2026-02-20 07:26:00','2026-02-20 07:26:00'),(14,3,1,2,1,24.00,8.00,2.00,NULL,NULL,0,NULL,0,NULL,NULL,24.00,0,0.00,'Active','2025-04-01','2025-04-01','2026-03-31',1,0,'Seeded allocation for current leave period',1,1,'2026-02-20 07:26:00','2026-02-20 07:26:00'),(15,3,2,4,1,12.00,0.00,4.00,NULL,NULL,0,NULL,0,NULL,NULL,12.00,0,0.00,'Expired','2024-04-01','2024-04-01','2025-03-31',1,0,'Seeded allocation for previous leave period',1,1,'2026-02-20 07:26:00','2026-02-20 07:26:00'),(16,3,2,4,1,12.00,0.00,1.00,NULL,NULL,0,NULL,0,NULL,NULL,12.00,0,0.00,'Active','2025-04-01','2025-04-01','2026-03-31',1,0,'Seeded allocation for current leave period',1,1,'2026-02-20 07:26:00','2026-02-20 07:26:00'),(17,3,3,6,1,10.00,0.00,3.00,NULL,NULL,0,NULL,0,NULL,NULL,10.00,0,0.00,'Expired','2024-04-01','2024-04-01','2025-03-31',1,0,'Seeded allocation for previous leave period',1,1,'2026-02-20 07:26:00','2026-02-20 07:26:00'),(18,3,3,6,1,10.00,0.00,1.00,NULL,NULL,0,NULL,0,NULL,NULL,10.00,0,0.00,'Active','2025-04-01','2025-04-01','2026-03-31',1,0,'Seeded allocation for current leave period',1,1,'2026-02-20 07:26:00','2026-02-20 07:26:00'),(19,4,1,1,1,24.00,0.00,10.00,NULL,NULL,0,NULL,0,NULL,NULL,24.00,0,0.00,'Expired','2024-04-01','2024-04-01','2025-03-31',1,0,'Seeded allocation for previous leave period',1,1,'2026-02-20 07:26:00','2026-02-20 07:26:00'),(20,4,1,1,1,24.00,4.00,2.00,NULL,NULL,0,NULL,0,NULL,NULL,24.00,0,0.00,'Active','2025-04-01','2025-04-01','2026-03-31',1,0,'Seeded allocation for current leave period',1,1,'2026-02-20 07:26:00','2026-02-20 07:26:00'),(21,4,2,3,1,12.00,0.00,4.00,NULL,NULL,0,NULL,0,NULL,NULL,12.00,0,0.00,'Expired','2024-04-01','2024-04-01','2025-03-31',1,0,'Seeded allocation for previous leave period',1,1,'2026-02-20 07:26:00','2026-02-20 07:26:00'),(22,4,2,3,1,12.00,0.00,1.00,NULL,NULL,0,NULL,0,NULL,NULL,12.00,0,0.00,'Active','2025-04-01','2025-04-01','2026-03-31',1,0,'Seeded allocation for current leave period',1,1,'2026-02-20 07:26:00','2026-02-20 07:26:00'),(23,4,3,5,1,10.00,0.00,3.00,NULL,NULL,0,NULL,0,NULL,NULL,10.00,0,0.00,'Expired','2024-04-01','2024-04-01','2025-03-31',1,0,'Seeded allocation for previous leave period',1,1,'2026-02-20 07:26:00','2026-02-20 07:26:00'),(24,4,3,5,1,10.00,0.00,1.00,NULL,NULL,0,NULL,0,NULL,NULL,10.00,0,0.00,'Active','2025-04-01','2025-04-01','2026-03-31',1,0,'Seeded allocation for current leave period',1,1,'2026-02-20 07:26:00','2026-02-20 07:26:00'),(25,5,1,1,1,24.00,0.00,10.00,NULL,NULL,0,NULL,0,NULL,NULL,24.00,0,0.00,'Expired','2024-04-01','2024-04-01','2025-03-31',1,0,'Seeded allocation for previous leave period',1,1,'2026-02-20 07:26:00','2026-02-20 07:26:00'),(26,5,1,1,1,24.00,4.00,2.00,NULL,NULL,0,NULL,0,NULL,NULL,24.00,0,0.00,'Active','2025-04-01','2025-04-01','2026-03-31',1,0,'Seeded allocation for current leave period',1,1,'2026-02-20 07:26:00','2026-02-20 07:26:00'),(27,5,2,3,1,12.00,0.00,4.00,NULL,NULL,0,NULL,0,NULL,NULL,12.00,0,0.00,'Expired','2024-04-01','2024-04-01','2025-03-31',1,0,'Seeded allocation for previous leave period',1,1,'2026-02-20 07:26:00','2026-02-20 07:26:00'),(28,5,2,3,1,12.00,0.00,1.00,NULL,NULL,0,NULL,0,NULL,NULL,12.00,0,0.00,'Active','2025-04-01','2025-04-01','2026-03-31',1,0,'Seeded allocation for current leave period',1,1,'2026-02-20 07:26:00','2026-02-20 07:26:00'),(29,5,3,5,1,10.00,0.00,3.00,NULL,NULL,0,NULL,0,NULL,NULL,10.00,0,0.00,'Expired','2024-04-01','2024-04-01','2025-03-31',1,0,'Seeded allocation for previous leave period',1,1,'2026-02-20 07:26:00','2026-02-20 07:26:00'),(30,5,3,5,1,10.00,0.00,1.00,NULL,NULL,0,NULL,0,NULL,NULL,10.00,0,0.00,'Active','2025-04-01','2025-04-01','2026-03-31',1,0,'Seeded allocation for current leave period',1,1,'2026-02-20 07:26:00','2026-02-20 07:26:00'),(31,6,1,1,1,24.00,0.00,10.00,NULL,NULL,0,NULL,0,NULL,NULL,24.00,0,0.00,'Expired','2024-04-01','2024-04-01','2025-03-31',1,0,'Seeded allocation for previous leave period',1,1,'2026-02-20 07:26:00','2026-02-20 07:26:00'),(32,6,1,1,1,24.00,4.00,2.00,NULL,NULL,0,NULL,0,NULL,NULL,24.00,0,0.00,'Active','2025-04-01','2025-04-01','2026-03-31',1,0,'Seeded allocation for current leave period',1,1,'2026-02-20 07:26:00','2026-02-20 07:26:00'),(33,6,2,3,1,12.00,0.00,4.00,NULL,NULL,0,NULL,0,NULL,NULL,12.00,0,0.00,'Expired','2024-04-01','2024-04-01','2025-03-31',1,0,'Seeded allocation for previous leave period',1,1,'2026-02-20 07:26:00','2026-02-20 07:26:00'),(34,6,2,3,1,12.00,0.00,1.00,NULL,NULL,0,NULL,0,NULL,NULL,12.00,0,0.00,'Active','2025-04-01','2025-04-01','2026-03-31',1,0,'Seeded allocation for current leave period',1,1,'2026-02-20 07:26:00','2026-02-20 07:26:00'),(35,6,3,5,1,10.00,0.00,3.00,NULL,NULL,0,NULL,0,NULL,NULL,10.00,0,0.00,'Expired','2024-04-01','2024-04-01','2025-03-31',1,0,'Seeded allocation for previous leave period',1,1,'2026-02-20 07:26:00','2026-02-20 07:26:00'),(36,6,3,5,1,10.00,0.00,1.00,NULL,NULL,0,NULL,0,NULL,NULL,10.00,0,0.00,'Active','2025-04-01','2025-04-01','2026-03-31',1,0,'Seeded allocation for current leave period',1,1,'2026-02-20 07:26:00','2026-02-20 07:26:00'),(37,7,1,1,1,24.00,0.00,10.00,NULL,NULL,0,NULL,0,NULL,NULL,24.00,0,0.00,'Expired','2024-04-01','2024-04-01','2025-03-31',1,0,'Seeded allocation for previous leave period',1,1,'2026-02-20 07:26:00','2026-02-20 07:26:00'),(38,7,1,1,1,24.00,4.00,2.00,NULL,NULL,0,NULL,0,NULL,NULL,24.00,0,0.00,'Active','2025-04-01','2025-04-01','2026-03-31',1,0,'Seeded allocation for current leave period',1,1,'2026-02-20 07:26:00','2026-02-20 07:26:00'),(39,7,2,3,1,12.00,0.00,4.00,NULL,NULL,0,NULL,0,NULL,NULL,12.00,0,0.00,'Expired','2024-04-01','2024-04-01','2025-03-31',1,0,'Seeded allocation for previous leave period',1,1,'2026-02-20 07:26:00','2026-02-20 07:26:00'),(40,7,2,3,1,12.00,0.00,1.00,NULL,NULL,0,NULL,0,NULL,NULL,12.00,0,0.00,'Active','2025-04-01','2025-04-01','2026-03-31',1,0,'Seeded allocation for current leave period',1,1,'2026-02-20 07:26:00','2026-02-20 07:26:00'),(41,7,3,5,1,10.00,0.00,3.00,NULL,NULL,0,NULL,0,NULL,NULL,10.00,0,0.00,'Expired','2024-04-01','2024-04-01','2025-03-31',1,0,'Seeded allocation for previous leave period',1,1,'2026-02-20 07:26:00','2026-02-20 07:26:00'),(42,7,3,5,1,10.00,0.00,1.00,NULL,NULL,0,NULL,0,NULL,NULL,10.00,0,0.00,'Active','2025-04-01','2025-04-01','2026-03-31',1,0,'Seeded allocation for current leave period',1,1,'2026-02-20 07:26:00','2026-02-20 07:26:00'),(43,8,1,1,1,24.00,0.00,10.00,NULL,NULL,0,NULL,0,NULL,NULL,24.00,0,0.00,'Expired','2024-04-01','2024-04-01','2025-03-31',1,0,'Seeded allocation for previous leave period',1,1,'2026-02-20 07:26:00','2026-02-20 07:26:00'),(44,8,1,1,1,24.00,4.00,2.00,NULL,NULL,0,NULL,0,NULL,NULL,24.00,0,0.00,'Active','2025-04-01','2025-04-01','2026-03-31',1,0,'Seeded allocation for current leave period',1,1,'2026-02-20 07:26:00','2026-02-20 07:26:00'),(45,8,2,3,1,12.00,0.00,4.00,NULL,NULL,0,NULL,0,NULL,NULL,12.00,0,0.00,'Expired','2024-04-01','2024-04-01','2025-03-31',1,0,'Seeded allocation for previous leave period',1,1,'2026-02-20 07:26:00','2026-02-20 07:26:00'),(46,8,2,3,1,12.00,0.00,1.00,NULL,NULL,0,NULL,0,NULL,NULL,12.00,0,0.00,'Active','2025-04-01','2025-04-01','2026-03-31',1,0,'Seeded allocation for current leave period',1,1,'2026-02-20 07:26:00','2026-02-20 07:26:00'),(47,8,3,5,1,10.00,0.00,3.00,NULL,NULL,0,NULL,0,NULL,NULL,10.00,0,0.00,'Expired','2024-04-01','2024-04-01','2025-03-31',1,0,'Seeded allocation for previous leave period',1,1,'2026-02-20 07:26:00','2026-02-20 07:26:00'),(48,8,3,5,1,10.00,0.00,1.00,NULL,NULL,0,NULL,0,NULL,NULL,10.00,0,0.00,'Active','2025-04-01','2025-04-01','2026-03-31',1,0,'Seeded allocation for current leave period',1,1,'2026-02-20 07:26:00','2026-02-20 07:26:00'),(49,9,1,1,1,24.00,0.00,10.00,NULL,NULL,0,NULL,0,NULL,NULL,24.00,0,0.00,'Expired','2024-04-01','2024-04-01','2025-03-31',1,0,'Seeded allocation for previous leave period',1,1,'2026-02-20 07:26:00','2026-02-20 07:26:00'),(50,9,1,1,1,24.00,4.00,2.00,NULL,NULL,0,NULL,0,NULL,NULL,24.00,0,0.00,'Active','2025-04-01','2025-04-01','2026-03-31',1,0,'Seeded allocation for current leave period',1,1,'2026-02-20 07:26:00','2026-02-20 07:26:00'),(51,9,2,3,1,12.00,0.00,4.00,NULL,NULL,0,NULL,0,NULL,NULL,12.00,0,0.00,'Expired','2024-04-01','2024-04-01','2025-03-31',1,0,'Seeded allocation for previous leave period',1,1,'2026-02-20 07:26:00','2026-02-20 07:26:00'),(52,9,2,3,1,12.00,0.00,1.00,NULL,NULL,0,NULL,0,NULL,NULL,12.00,0,0.00,'Active','2025-04-01','2025-04-01','2026-03-31',1,0,'Seeded allocation for current leave period',1,1,'2026-02-20 07:26:00','2026-02-20 07:26:00'),(53,9,3,5,1,10.00,0.00,3.00,NULL,NULL,0,NULL,0,NULL,NULL,10.00,0,0.00,'Expired','2024-04-01','2024-04-01','2025-03-31',1,0,'Seeded allocation for previous leave period',1,1,'2026-02-20 07:26:00','2026-02-20 07:26:00'),(54,9,3,5,1,10.00,0.00,1.00,NULL,NULL,0,NULL,0,NULL,NULL,10.00,0,0.00,'Active','2025-04-01','2025-04-01','2026-03-31',1,0,'Seeded allocation for current leave period',1,1,'2026-02-20 07:26:00','2026-02-20 07:26:00'),(55,10,1,1,1,24.00,0.00,10.00,NULL,NULL,0,NULL,0,NULL,NULL,24.00,0,0.00,'Expired','2024-04-01','2024-04-01','2025-03-31',1,0,'Seeded allocation for previous leave period',1,1,'2026-02-20 07:26:00','2026-02-20 07:26:00'),(56,10,1,1,1,24.00,4.00,2.00,NULL,NULL,0,NULL,0,NULL,NULL,24.00,0,0.00,'Active','2025-04-01','2025-04-01','2026-03-31',1,0,'Seeded allocation for current leave period',1,1,'2026-02-20 07:26:00','2026-02-20 07:26:00'),(57,10,2,3,1,12.00,0.00,4.00,NULL,NULL,0,NULL,0,NULL,NULL,12.00,0,0.00,'Expired','2024-04-01','2024-04-01','2025-03-31',1,0,'Seeded allocation for previous leave period',1,1,'2026-02-20 07:26:00','2026-02-20 07:26:00'),(58,10,2,3,1,12.00,0.00,1.00,NULL,NULL,0,NULL,0,NULL,NULL,12.00,0,0.00,'Active','2025-04-01','2025-04-01','2026-03-31',1,0,'Seeded allocation for current leave period',1,1,'2026-02-20 07:26:00','2026-02-20 07:26:00'),(59,10,3,5,1,10.00,0.00,3.00,NULL,NULL,0,NULL,0,NULL,NULL,10.00,0,0.00,'Expired','2024-04-01','2024-04-01','2025-03-31',1,0,'Seeded allocation for previous leave period',1,1,'2026-02-20 07:26:00','2026-02-20 07:26:00'),(60,10,3,5,1,10.00,0.00,1.00,NULL,NULL,0,NULL,0,NULL,NULL,10.00,0,0.00,'Active','2025-04-01','2025-04-01','2026-03-31',1,0,'Seeded allocation for current leave period',1,1,'2026-02-20 07:26:00','2026-02-20 07:26:00'),(61,3,4,7,1,24.00,0.00,2.00,NULL,NULL,0,NULL,0,NULL,NULL,22.00,0,0.00,'Active','2026-02-21','2025-04-01','2026-03-31',1,0,NULL,1,1,'2026-02-21 12:24:31','2026-02-21 12:39:23');
/*!40000 ALTER TABLE `leave_allocations` ENABLE KEYS */;
UNLOCK TABLES;

--
-- Table structure for table `leave_approvals`
--

DROP TABLE IF EXISTS `leave_approvals`;
/*!40101 SET @saved_cs_client     = @@character_set_client */;
/*!50503 SET character_set_client = utf8mb4 */;
CREATE TABLE `leave_approvals` (
  `leaveApprovalId` int NOT NULL AUTO_INCREMENT,
  `leaveRequestId` int NOT NULL,
  `approverId` int NOT NULL COMMENT 'Employee ID of the approver',
  `approverLevel` int NOT NULL COMMENT 'Approval level: 1 = Manager, 2 = Dept Head, etc.',
  `approverRole` varchar(100) DEFAULT NULL COMMENT 'Role description: "Reporting Manager", "Department Head", etc.',
  `status` enum('Pending','Approved','Rejected','Forwarded','Skipped') NOT NULL DEFAULT 'Pending',
  `comments` text COMMENT 'Comments provided by approver',
  `actionDate` datetime DEFAULT NULL COMMENT 'Date when action was taken',
  `notificationSent` tinyint(1) NOT NULL DEFAULT '0',
  `notificationSentAt` datetime DEFAULT NULL,
  `emailSent` tinyint(1) NOT NULL DEFAULT '0',
  `emailSentAt` datetime DEFAULT NULL,
  `companyId` int NOT NULL,
  `createdBy` int DEFAULT NULL,
  `updatedBy` int DEFAULT NULL,
  `createdAt` datetime NOT NULL,
  `updatedAt` datetime NOT NULL,
  PRIMARY KEY (`leaveApprovalId`),
  UNIQUE KEY `unique_request_approver_level` (`leaveRequestId`,`approverLevel`),
  KEY `idx_approver_status` (`approverId`,`status`),
  KEY `idx_leave_request` (`leaveRequestId`),
  KEY `companyId` (`companyId`),
  KEY `createdBy` (`createdBy`),
  KEY `updatedBy` (`updatedBy`),
  CONSTRAINT `leave_approvals_ibfk_1` FOREIGN KEY (`leaveRequestId`) REFERENCES `leave_requests` (`leaveRequestId`) ON DELETE CASCADE ON UPDATE CASCADE,
  CONSTRAINT `leave_approvals_ibfk_2` FOREIGN KEY (`approverId`) REFERENCES `staff_details` (`staffId`) ON DELETE RESTRICT ON UPDATE CASCADE,
  CONSTRAINT `leave_approvals_ibfk_3` FOREIGN KEY (`companyId`) REFERENCES `companies` (`companyId`) ON DELETE CASCADE ON UPDATE CASCADE,
  CONSTRAINT `leave_approvals_ibfk_4` FOREIGN KEY (`createdBy`) REFERENCES `users` (`userId`) ON DELETE SET NULL ON UPDATE CASCADE,
  CONSTRAINT `leave_approvals_ibfk_5` FOREIGN KEY (`updatedBy`) REFERENCES `users` (`userId`) ON DELETE SET NULL ON UPDATE CASCADE
) ENGINE=InnoDB DEFAULT CHARSET=utf8mb4 COLLATE=utf8mb4_0900_ai_ci;
/*!40101 SET character_set_client = @saved_cs_client */;

--
-- Dumping data for table `leave_approvals`
--

LOCK TABLES `leave_approvals` WRITE;
/*!40000 ALTER TABLE `leave_approvals` DISABLE KEYS */;
/*!40000 ALTER TABLE `leave_approvals` ENABLE KEYS */;
UNLOCK TABLES;

--
-- Table structure for table `leave_periods`
--

DROP TABLE IF EXISTS `leave_periods`;
/*!40101 SET @saved_cs_client     = @@character_set_client */;
/*!50503 SET character_set_client = utf8mb4 */;
CREATE TABLE `leave_periods` (
  `leavePeriodId` int NOT NULL AUTO_INCREMENT,
  `name` varchar(255) NOT NULL,
  `startDate` date NOT NULL,
  `endDate` date NOT NULL,
  `status` enum('Active','Inactive') NOT NULL DEFAULT 'Active',
  `companyId` int NOT NULL,
  `createdBy` int DEFAULT NULL,
  `updatedBy` int DEFAULT NULL,
  `createdAt` datetime NOT NULL,
  `updatedAt` datetime NOT NULL,
  PRIMARY KEY (`leavePeriodId`),
  KEY `idx_leave_period_company_status` (`companyId`,`status`),
  KEY `idx_leave_period_company_dates` (`companyId`,`startDate`,`endDate`),
  KEY `createdBy` (`createdBy`),
  KEY `updatedBy` (`updatedBy`),
  CONSTRAINT `leave_periods_ibfk_1` FOREIGN KEY (`companyId`) REFERENCES `companies` (`companyId`) ON DELETE CASCADE ON UPDATE CASCADE,
  CONSTRAINT `leave_periods_ibfk_2` FOREIGN KEY (`createdBy`) REFERENCES `users` (`userId`) ON DELETE SET NULL ON UPDATE CASCADE,
  CONSTRAINT `leave_periods_ibfk_3` FOREIGN KEY (`updatedBy`) REFERENCES `users` (`userId`) ON DELETE SET NULL ON UPDATE CASCADE
) ENGINE=InnoDB AUTO_INCREMENT=3 DEFAULT CHARSET=utf8mb4 COLLATE=utf8mb4_0900_ai_ci;
/*!40101 SET character_set_client = @saved_cs_client */;

--
-- Dumping data for table `leave_periods`
--

LOCK TABLES `leave_periods` WRITE;
/*!40000 ALTER TABLE `leave_periods` DISABLE KEYS */;
INSERT INTO `leave_periods` VALUES (1,'FY 2024-25','2024-04-01','2025-03-31','Inactive',1,1,1,'2026-02-20 07:25:57','2026-02-20 07:25:57'),(2,'FY 2025-26','2025-04-01','2026-03-31','Active',1,1,1,'2026-02-20 07:25:57','2026-02-20 07:25:57');
/*!40000 ALTER TABLE `leave_periods` ENABLE KEYS */;
UNLOCK TABLES;

--
-- Table structure for table `leave_policies`
--

DROP TABLE IF EXISTS `leave_policies`;
/*!40101 SET @saved_cs_client     = @@character_set_client */;
/*!50503 SET character_set_client = utf8mb4 */;
CREATE TABLE `leave_policies` (
  `leavePolicyId` int NOT NULL AUTO_INCREMENT,
  `name` varchar(255) NOT NULL COMMENT 'Policy name (e.g. "Annual Leave Policy - Permanent Staff")',
  `leaveTypeId` int NOT NULL COMMENT 'Foreign key to leave type',
  `accrualFrequency` enum('Monthly','Quarterly','Yearly','On Joining') NOT NULL DEFAULT 'Yearly',
  `maxCarryForward` int NOT NULL DEFAULT '0' COMMENT 'Maximum leaves that can be carried forward to next period',
  `allowEncashment` tinyint(1) NOT NULL DEFAULT '0',
  `encashmentRules` text COMMENT 'Rules or formula for encashment (free text or JSON)',
  `companyId` int NOT NULL,
  `createdBy` int DEFAULT NULL,
  `updatedBy` int DEFAULT NULL,
  `status` enum('Active','Inactive') NOT NULL DEFAULT 'Active',
  `createdAt` datetime NOT NULL,
  `updatedAt` datetime NOT NULL,
  PRIMARY KEY (`leavePolicyId`),
  UNIQUE KEY `uq_policy_company_name` (`companyId`,`name`),
  KEY `idx_policy_company_leave_type` (`companyId`,`leaveTypeId`),
  KEY `leaveTypeId` (`leaveTypeId`),
  KEY `createdBy` (`createdBy`),
  KEY `updatedBy` (`updatedBy`),
  CONSTRAINT `leave_policies_ibfk_1` FOREIGN KEY (`leaveTypeId`) REFERENCES `leave_types` (`leaveTypeId`) ON DELETE CASCADE ON UPDATE CASCADE,
  CONSTRAINT `leave_policies_ibfk_2` FOREIGN KEY (`companyId`) REFERENCES `companies` (`companyId`) ON DELETE CASCADE ON UPDATE CASCADE,
  CONSTRAINT `leave_policies_ibfk_3` FOREIGN KEY (`createdBy`) REFERENCES `users` (`userId`) ON DELETE SET NULL ON UPDATE CASCADE,
  CONSTRAINT `leave_policies_ibfk_4` FOREIGN KEY (`updatedBy`) REFERENCES `users` (`userId`) ON DELETE SET NULL ON UPDATE CASCADE
) ENGINE=InnoDB AUTO_INCREMENT=8 DEFAULT CHARSET=utf8mb4 COLLATE=utf8mb4_0900_ai_ci;
/*!40101 SET character_set_client = @saved_cs_client */;

--
-- Dumping data for table `leave_policies`
--

LOCK TABLES `leave_policies` WRITE;
/*!40000 ALTER TABLE `leave_policies` DISABLE KEYS */;
INSERT INTO `leave_policies` VALUES (1,'Annual Leave Policy - Junior',1,'Yearly',4,0,NULL,1,1,1,'Active','2026-02-20 07:25:56','2026-02-20 07:25:56'),(2,'Annual Leave Policy - Senior',1,'Yearly',8,0,NULL,1,1,1,'Active','2026-02-20 07:25:56','2026-02-20 07:25:56'),(3,'Sick Leave Policy - Junior',2,'Yearly',0,0,NULL,1,1,1,'Active','2026-02-20 07:25:56','2026-02-20 07:25:56'),(4,'Sick Leave Policy - Senior',2,'Yearly',2,0,NULL,1,1,1,'Active','2026-02-20 07:25:56','2026-02-20 07:25:56'),(5,'Casual Leave Policy - Junior',3,'Yearly',0,0,NULL,1,1,1,'Active','2026-02-20 07:25:56','2026-02-20 07:25:56'),(6,'Casual Leave Policy - Senior',3,'Yearly',1,0,NULL,1,1,1,'Active','2026-02-20 07:25:57','2026-02-20 07:25:57'),(7,'Test Leave ',4,'Monthly',5,0,'',1,1,1,'Active','2026-02-21 12:24:11','2026-02-21 12:24:11');
/*!40000 ALTER TABLE `leave_policies` ENABLE KEYS */;
UNLOCK TABLES;

--
-- Table structure for table `leave_request_histories`
--

DROP TABLE IF EXISTS `leave_request_histories`;
/*!40101 SET @saved_cs_client     = @@character_set_client */;
/*!50503 SET character_set_client = utf8mb4 */;
CREATE TABLE `leave_request_histories` (
  `leaveRequestHistoryId` int NOT NULL AUTO_INCREMENT,
  `leaveRequestId` int NOT NULL,
  `action` enum('Created','Submitted','Approved','Rejected','Cancelled','Modified','Withdrawn','Forwarded','Deleted','Restored') NOT NULL,
  `actionBy` int NOT NULL COMMENT 'Employee who performed the action',
  `actionDate` datetime NOT NULL,
  `oldStatus` enum('Draft','Pending','Approved','Rejected','Cancelled','Withdrawn') DEFAULT NULL COMMENT 'Previous status before this action',
  `newStatus` enum('Draft','Pending','Approved','Rejected','Cancelled','Withdrawn') DEFAULT NULL COMMENT 'New status after this action',
  `comments` text COMMENT 'Comments or notes about the action',
  `actionContext` json DEFAULT NULL COMMENT 'Additional context data (changes made, approver level, etc.)',
  `ipAddress` varchar(45) DEFAULT NULL COMMENT 'IP address from which action was taken',
  `userAgent` text COMMENT 'Browser/device information',
  `companyId` int NOT NULL,
  `createdBy` int DEFAULT NULL,
  `updatedBy` int DEFAULT NULL,
  `createdAt` datetime NOT NULL,
  PRIMARY KEY (`leaveRequestHistoryId`),
  KEY `idx_request_action_date` (`leaveRequestId`,`actionDate`),
  KEY `idx_action_by` (`actionBy`),
  KEY `idx_action_type` (`action`),
  KEY `idx_action_date` (`actionDate`),
  KEY `idx_leave_request` (`leaveRequestId`),
  KEY `companyId` (`companyId`),
  KEY `createdBy` (`createdBy`),
  KEY `updatedBy` (`updatedBy`),
  CONSTRAINT `leave_request_histories_ibfk_1` FOREIGN KEY (`leaveRequestId`) REFERENCES `leave_requests` (`leaveRequestId`) ON DELETE CASCADE ON UPDATE CASCADE,
  CONSTRAINT `leave_request_histories_ibfk_2` FOREIGN KEY (`actionBy`) REFERENCES `staff_details` (`staffId`) ON DELETE RESTRICT ON UPDATE CASCADE,
  CONSTRAINT `leave_request_histories_ibfk_3` FOREIGN KEY (`companyId`) REFERENCES `companies` (`companyId`) ON DELETE CASCADE ON UPDATE CASCADE,
  CONSTRAINT `leave_request_histories_ibfk_4` FOREIGN KEY (`createdBy`) REFERENCES `users` (`userId`) ON DELETE SET NULL ON UPDATE CASCADE,
  CONSTRAINT `leave_request_histories_ibfk_5` FOREIGN KEY (`updatedBy`) REFERENCES `users` (`userId`) ON DELETE SET NULL ON UPDATE CASCADE
) ENGINE=InnoDB AUTO_INCREMENT=7 DEFAULT CHARSET=utf8mb4 COLLATE=utf8mb4_0900_ai_ci;
/*!40101 SET character_set_client = @saved_cs_client */;

--
-- Dumping data for table `leave_request_histories`
--

LOCK TABLES `leave_request_histories` WRITE;
/*!40000 ALTER TABLE `leave_request_histories` DISABLE KEYS */;
INSERT INTO `leave_request_histories` VALUES (1,1,'Created',3,'2026-02-21 12:29:33',NULL,'Pending','Leave request created','{\"source\": \"createLeaveRequest\", \"status\": \"Pending\"}','::1','Mozilla/5.0 (Windows NT 10.0; Win64; x64) AppleWebKit/537.36 (KHTML, like Gecko) Chrome/145.0.0.0 Safari/537.36',1,3,3,'2026-02-21 12:29:33'),(2,1,'Submitted',3,'2026-02-21 12:29:33','Draft','Pending','Leave request submitted','{\"source\": \"createLeaveRequest\", \"maxApprovalLevel\": 1, \"currentApprovalLevel\": 1}','::1','Mozilla/5.0 (Windows NT 10.0; Win64; x64) AppleWebKit/537.36 (KHTML, like Gecko) Chrome/145.0.0.0 Safari/537.36',1,3,3,'2026-02-21 12:29:33'),(3,1,'Approved',3,'2026-02-21 12:30:32','Pending','Approved',NULL,'{\"source\": \"updateLeaveRequest\", \"statusChanged\": true}','::1','Mozilla/5.0 (Windows NT 10.0; Win64; x64) AppleWebKit/537.36 (KHTML, like Gecko) Chrome/145.0.0.0 Safari/537.36',1,NULL,1,'2026-02-21 12:30:32'),(4,2,'Created',3,'2026-02-21 12:37:14',NULL,'Draft','Leave request created','{\"source\": \"createLeaveRequest\", \"status\": \"Draft\"}','::1','Mozilla/5.0 (Windows NT 10.0; Win64; x64) AppleWebKit/537.36 (KHTML, like Gecko) Chrome/145.0.0.0 Safari/537.36',1,3,3,'2026-02-21 12:37:14'),(5,2,'Submitted',3,'2026-02-21 12:37:58','Draft','Pending',NULL,'{\"source\": \"updateLeaveRequest\", \"statusChanged\": true}','::1','Mozilla/5.0 (Windows NT 10.0; Win64; x64) AppleWebKit/537.36 (KHTML, like Gecko) Chrome/145.0.0.0 Safari/537.36',1,3,3,'2026-02-21 12:37:58'),(6,2,'Approved',3,'2026-02-21 12:39:23','Pending','Approved',NULL,'{\"source\": \"updateLeaveRequest\", \"statusChanged\": true}','::1','Mozilla/5.0 (Windows NT 10.0; Win64; x64) AppleWebKit/537.36 (KHTML, like Gecko) Chrome/145.0.0.0 Safari/537.36',1,NULL,1,'2026-02-21 12:39:23');
/*!40000 ALTER TABLE `leave_request_histories` ENABLE KEYS */;
UNLOCK TABLES;

--
-- Table structure for table `leave_requests`
--

DROP TABLE IF EXISTS `leave_requests`;
/*!40101 SET @saved_cs_client     = @@character_set_client */;
/*!50503 SET character_set_client = utf8mb4 */;
CREATE TABLE `leave_requests` (
  `leaveRequestId` int NOT NULL AUTO_INCREMENT,
  `staffId` int NOT NULL,
  `leaveTypeId` int NOT NULL,
  `leaveAllocationId` int DEFAULT NULL COMMENT 'Link to the specific allocation from which this leave is deducted',
  `companyId` int NOT NULL,
  `startDate` date NOT NULL,
  `endDate` date NOT NULL,
  `totalDays` decimal(4,1) NOT NULL DEFAULT '0.0' COMMENT 'Total leave days (can be 0.5 for half day)',
  `leaveCategory` enum('Full Day','Half Day','Short Leave') NOT NULL DEFAULT 'Full Day',
  `halfDayType` enum('First Half','Second Half') DEFAULT NULL COMMENT 'Required if leaveCategory is Half Day',
  `reason` text NOT NULL,
  `hasDocuments` tinyint(1) NOT NULL DEFAULT '0',
  `documentPaths` json DEFAULT NULL COMMENT 'Array of document file paths',
  `contactDuringLeave` varchar(20) DEFAULT NULL COMMENT 'Phone number to contact during leave',
  `addressDuringLeave` text,
  `status` enum('Draft','Pending','Approved','Rejected','Cancelled','Withdrawn') NOT NULL DEFAULT 'Draft',
  `currentApprovalLevel` int NOT NULL DEFAULT '0' COMMENT '0 = not submitted, 1+ = approval levels',
  `maxApprovalLevel` int NOT NULL DEFAULT '1' COMMENT 'Total number of approval levels required',
  `appliedDate` datetime DEFAULT NULL COMMENT 'Date when leave was submitted (not draft)',
  `submittedBy` int DEFAULT NULL COMMENT 'If applied by HR/Manager on behalf of employee',
  `cancelledAt` datetime DEFAULT NULL,
  `cancelledBy` int DEFAULT NULL,
  `cancellationReason` text,
  `finalApprovedBy` int DEFAULT NULL,
  `finalApprovedAt` datetime DEFAULT NULL,
  `finalRejectedBy` int DEFAULT NULL,
  `finalRejectedAt` datetime DEFAULT NULL,
  `rejectionReason` text,
  `isDeleted` tinyint(1) NOT NULL DEFAULT '0',
  `notes` text COMMENT 'Internal notes by HR/Admin',
  `createdBy` int DEFAULT NULL,
  `updatedBy` int DEFAULT NULL,
  `createdAt` datetime NOT NULL,
  `updatedAt` datetime NOT NULL,
  `deletedAt` datetime DEFAULT NULL,
  PRIMARY KEY (`leaveRequestId`),
  KEY `idx_employee_status` (`staffId`,`status`),
  KEY `idx_company_status` (`companyId`,`status`),
  KEY `idx_date_range` (`startDate`,`endDate`),
  KEY `idx_leave_type` (`leaveTypeId`),
  KEY `idx_leave_request` (`leaveRequestId`),
  KEY `leaveAllocationId` (`leaveAllocationId`),
  KEY `submittedBy` (`submittedBy`),
  KEY `cancelledBy` (`cancelledBy`),
  KEY `finalApprovedBy` (`finalApprovedBy`),
  KEY `finalRejectedBy` (`finalRejectedBy`),
  KEY `createdBy` (`createdBy`),
  KEY `updatedBy` (`updatedBy`),
  CONSTRAINT `leave_requests_ibfk_1` FOREIGN KEY (`staffId`) REFERENCES `staff_details` (`staffId`) ON DELETE CASCADE ON UPDATE CASCADE,
  CONSTRAINT `leave_requests_ibfk_10` FOREIGN KEY (`updatedBy`) REFERENCES `users` (`userId`) ON DELETE SET NULL ON UPDATE CASCADE,
  CONSTRAINT `leave_requests_ibfk_2` FOREIGN KEY (`leaveTypeId`) REFERENCES `leave_types` (`leaveTypeId`) ON DELETE RESTRICT ON UPDATE CASCADE,
  CONSTRAINT `leave_requests_ibfk_3` FOREIGN KEY (`leaveAllocationId`) REFERENCES `leave_allocations` (`leaveAllocationId`) ON DELETE SET NULL ON UPDATE CASCADE,
  CONSTRAINT `leave_requests_ibfk_4` FOREIGN KEY (`companyId`) REFERENCES `companies` (`companyId`) ON DELETE CASCADE ON UPDATE CASCADE,
  CONSTRAINT `leave_requests_ibfk_5` FOREIGN KEY (`submittedBy`) REFERENCES `staff_details` (`staffId`),
  CONSTRAINT `leave_requests_ibfk_6` FOREIGN KEY (`cancelledBy`) REFERENCES `staff_details` (`staffId`),
  CONSTRAINT `leave_requests_ibfk_7` FOREIGN KEY (`finalApprovedBy`) REFERENCES `staff_details` (`staffId`),
  CONSTRAINT `leave_requests_ibfk_8` FOREIGN KEY (`finalRejectedBy`) REFERENCES `staff_details` (`staffId`),
  CONSTRAINT `leave_requests_ibfk_9` FOREIGN KEY (`createdBy`) REFERENCES `users` (`userId`) ON DELETE SET NULL ON UPDATE CASCADE
) ENGINE=InnoDB AUTO_INCREMENT=3 DEFAULT CHARSET=utf8mb4 COLLATE=utf8mb4_0900_ai_ci;
/*!40101 SET character_set_client = @saved_cs_client */;

--
-- Dumping data for table `leave_requests`
--

LOCK TABLES `leave_requests` WRITE;
/*!40000 ALTER TABLE `leave_requests` DISABLE KEYS */;
INSERT INTO `leave_requests` VALUES (1,3,4,61,1,'2026-01-04','2026-01-04',1.0,'Full Day',NULL,'Testing Leave Request',0,'[]',NULL,NULL,'Approved',1,1,'2026-02-21 12:29:33',NULL,NULL,NULL,NULL,NULL,NULL,NULL,NULL,NULL,0,NULL,3,1,'2026-02-21 12:29:33','2026-02-21 12:30:32',NULL),(2,3,4,61,1,'2026-01-06','2026-01-06',1.0,'Full Day',NULL,'Testing - 2',0,'[]',NULL,NULL,'Approved',1,1,'2026-02-21 12:37:58',NULL,NULL,NULL,NULL,NULL,NULL,NULL,NULL,NULL,0,NULL,3,1,'2026-02-21 12:37:14','2026-02-21 12:39:23',NULL);
/*!40000 ALTER TABLE `leave_requests` ENABLE KEYS */;
UNLOCK TABLES;

--
-- Table structure for table `leave_types`
--

DROP TABLE IF EXISTS `leave_types`;
/*!40101 SET @saved_cs_client     = @@character_set_client */;
/*!50503 SET character_set_client = utf8mb4 */;
CREATE TABLE `leave_types` (
  `leaveTypeId` int NOT NULL AUTO_INCREMENT,
  `name` varchar(255) NOT NULL COMMENT 'Name of the leave type (e.g. "Sick Leave", "Annual Leave")',
  `leaveTypeName` varchar(255) DEFAULT NULL COMMENT 'Legacy leave type name field kept for backward compatibility',
  `maxAllocationPertype` int DEFAULT NULL,
  `allowApplicationAfterDays` int DEFAULT NULL,
  `minWorkingDaysForLeave` int DEFAULT NULL,
  `description` text COMMENT 'Detailed description or rules for this leave type',
  `isPaid` tinyint(1) NOT NULL DEFAULT '0' COMMENT 'Whether this leave type is paid',
  `isWithoutPay` tinyint(1) NOT NULL DEFAULT '0' COMMENT 'Whether this leave type is without pay',
  `isCarryForwardEnabled` tinyint(1) NOT NULL DEFAULT '0' COMMENT 'Whether unused leaves of this type can be carried forward',
  `isCarryForward` tinyint(1) NOT NULL DEFAULT '0',
  `countHolidaysAsLeave` tinyint(1) NOT NULL DEFAULT '0' COMMENT 'Whether holidays falling during this leave are counted as leave days',
  `includeHolidaysAsLeave` tinyint(1) NOT NULL DEFAULT '0',
  `maxConsecutiveLeaves` int DEFAULT '0' COMMENT 'Maximum consecutive days allowed for this leave type',
  `isLeaveWithoutPay` tinyint(1) NOT NULL DEFAULT '0',
  `isPartiallyPaidLeave` tinyint(1) NOT NULL DEFAULT '0',
  `isOptionalLeave` tinyint(1) NOT NULL DEFAULT '0',
  `allowNegativeBalance` tinyint(1) NOT NULL DEFAULT '0',
  `allowOverAllocation` tinyint(1) NOT NULL DEFAULT '0',
  `isCompensatory` tinyint(1) NOT NULL DEFAULT '0',
  `allowEncashment` tinyint(1) NOT NULL DEFAULT '0',
  `isEarnedLeave` tinyint(1) NOT NULL DEFAULT '0',
  `status` enum('Active','Inactive') NOT NULL DEFAULT 'Active',
  `companyId` int NOT NULL,
  `createdBy` varchar(255) DEFAULT NULL,
  `updatedBy` varchar(255) DEFAULT NULL,
  `createdAt` datetime NOT NULL,
  `updatedAt` datetime NOT NULL,
  PRIMARY KEY (`leaveTypeId`),
  UNIQUE KEY `leaveTypeName` (`leaveTypeName`),
  UNIQUE KEY `leaveTypeName_2` (`leaveTypeName`),
  KEY `companyId` (`companyId`),
  CONSTRAINT `leave_types_ibfk_1` FOREIGN KEY (`companyId`) REFERENCES `companies` (`companyId`) ON DELETE CASCADE ON UPDATE CASCADE
) ENGINE=InnoDB AUTO_INCREMENT=5 DEFAULT CHARSET=utf8mb4 COLLATE=utf8mb4_0900_ai_ci;
/*!40101 SET character_set_client = @saved_cs_client */;

--
-- Dumping data for table `leave_types`
--

LOCK TABLES `leave_types` WRITE;
/*!40000 ALTER TABLE `leave_types` DISABLE KEYS */;
INSERT INTO `leave_types` VALUES (1,'Annual Leave','Annual Leave',24,NULL,NULL,NULL,1,0,1,1,0,0,0,0,0,0,0,0,0,0,0,'Active',1,'1','1','2026-02-20 07:25:56','2026-02-20 07:25:56'),(2,'Sick Leave','Sick Leave',12,NULL,NULL,NULL,1,0,0,0,0,0,0,0,0,0,0,0,0,0,0,'Active',1,'1','1','2026-02-20 07:25:56','2026-02-20 07:25:56'),(3,'Casual Leave','Casual Leave',10,NULL,NULL,NULL,1,0,0,0,0,0,0,0,0,0,0,0,0,0,0,'Active',1,'1','1','2026-02-20 07:25:56','2026-02-20 07:25:56'),(4,'Test leave','Test leave',24,NULL,NULL,'',1,0,1,1,0,0,0,0,0,0,0,0,0,0,0,'Active',1,'1','1','2026-02-20 09:53:47','2026-02-20 09:53:57');
/*!40000 ALTER TABLE `leave_types` ENABLE KEYS */;
UNLOCK TABLES;

--
-- Table structure for table `permissions`
--

DROP TABLE IF EXISTS `permissions`;
/*!40101 SET @saved_cs_client     = @@character_set_client */;
/*!50503 SET character_set_client = utf8mb4 */;
CREATE TABLE `permissions` (
  `permissionId` int NOT NULL AUTO_INCREMENT,
  `staffId` int NOT NULL,
  `companyId` int NOT NULL,
  `attendanceId` int DEFAULT NULL,
  `permissionDate` date NOT NULL,
  `permissionHours` decimal(4,2) NOT NULL DEFAULT '0.00',
  `permissionStartTime` time DEFAULT NULL,
  `permissionEndTime` time DEFAULT NULL,
  `notes` text,
  `createdBy` int DEFAULT NULL,
  `updatedBy` int DEFAULT NULL,
  `createdAt` datetime NOT NULL DEFAULT CURRENT_TIMESTAMP,
  `updatedAt` datetime NOT NULL DEFAULT CURRENT_TIMESTAMP ON UPDATE CURRENT_TIMESTAMP,
  `deletedAt` datetime DEFAULT NULL,
  PRIMARY KEY (`permissionId`),
  KEY `idx_permission_company_date` (`companyId`,`permissionDate`),
  KEY `idx_permission_staff_date` (`staffId`,`permissionDate`),
  KEY `fk_permissions_attendance` (`attendanceId`),
  KEY `fk_permissions_created_by` (`createdBy`),
  KEY `fk_permissions_updated_by` (`updatedBy`),
  CONSTRAINT `fk_permissions_attendance` FOREIGN KEY (`attendanceId`) REFERENCES `attendance` (`attendanceId`) ON DELETE SET NULL,
  CONSTRAINT `fk_permissions_company` FOREIGN KEY (`companyId`) REFERENCES `companies` (`companyId`) ON DELETE CASCADE,
  CONSTRAINT `fk_permissions_created_by` FOREIGN KEY (`createdBy`) REFERENCES `users` (`userId`) ON DELETE SET NULL,
  CONSTRAINT `fk_permissions_staff` FOREIGN KEY (`staffId`) REFERENCES `staff_details` (`staffId`) ON DELETE CASCADE,
  CONSTRAINT `fk_permissions_updated_by` FOREIGN KEY (`updatedBy`) REFERENCES `users` (`userId`) ON DELETE SET NULL
) ENGINE=InnoDB AUTO_INCREMENT=35 DEFAULT CHARSET=utf8mb4 COLLATE=utf8mb4_0900_ai_ci;
/*!40101 SET character_set_client = @saved_cs_client */;

--
-- Dumping data for table `permissions`
--

LOCK TABLES `permissions` WRITE;
/*!40000 ALTER TABLE `permissions` DISABLE KEYS */;
INSERT INTO `permissions` VALUES (31,5,1,1715,'2026-01-02',2.00,'13:30:00','16:30:00',NULL,1,1,'2026-02-21 11:29:21','2026-02-21 11:29:21',NULL),(32,2,1,1726,'2026-01-05',2.00,'02:00:00','06:00:00',NULL,1,1,'2026-02-21 12:31:52','2026-02-21 12:31:52',NULL),(33,4,1,1730,'2026-01-03',2.00,'13:25:00','16:30:00',NULL,1,1,'2026-02-21 12:31:52','2026-02-21 12:31:52',NULL),(34,1,1,1751,'2026-01-06',2.00,'12:55:00','17:00:00',NULL,1,1,'2026-02-21 12:39:31','2026-02-21 12:39:31',NULL);
/*!40000 ALTER TABLE `permissions` ENABLE KEYS */;
UNLOCK TABLES;

--
-- Table structure for table `reset_tokens`
--

DROP TABLE IF EXISTS `reset_tokens`;
/*!40101 SET @saved_cs_client     = @@character_set_client */;
/*!50503 SET character_set_client = utf8mb4 */;
CREATE TABLE `reset_tokens` (
  `tokenId` int NOT NULL AUTO_INCREMENT,
  `userId` int NOT NULL COMMENT 'User associated with this reset token',
  `token` varchar(255) NOT NULL COMMENT 'Hashed password reset token',
  `expiresAt` datetime NOT NULL COMMENT 'Token expiration date and time',
  PRIMARY KEY (`tokenId`),
  KEY `idx_reset_user` (`userId`),
  KEY `idx_reset_token` (`token`),
  KEY `idx_reset_expiry` (`expiresAt`),
  CONSTRAINT `reset_tokens_ibfk_1` FOREIGN KEY (`userId`) REFERENCES `users` (`userId`) ON DELETE CASCADE ON UPDATE CASCADE
) ENGINE=InnoDB DEFAULT CHARSET=utf8mb4 COLLATE=utf8mb4_0900_ai_ci;
/*!40101 SET character_set_client = @saved_cs_client */;

--
-- Dumping data for table `reset_tokens`
--

LOCK TABLES `reset_tokens` WRITE;
/*!40000 ALTER TABLE `reset_tokens` DISABLE KEYS */;
/*!40000 ALTER TABLE `reset_tokens` ENABLE KEYS */;
UNLOCK TABLES;

--
-- Table structure for table `roles`
--

DROP TABLE IF EXISTS `roles`;
/*!40101 SET @saved_cs_client     = @@character_set_client */;
/*!50503 SET character_set_client = utf8mb4 */;
CREATE TABLE `roles` (
  `roleId` int NOT NULL AUTO_INCREMENT,
  `roleName` varchar(100) NOT NULL COMMENT 'Role name (e.g. "Staff", "Admin", "Department Admin")',
  `status` enum('Active','Inactive') NOT NULL DEFAULT 'Active',
  `createdBy` int DEFAULT NULL,
  `updatedBy` int DEFAULT NULL,
  `createdAt` datetime NOT NULL,
  `updatedAt` datetime NOT NULL,
  `deletedAt` datetime DEFAULT NULL,
  PRIMARY KEY (`roleId`),
  UNIQUE KEY `unique_role_name` (`roleName`),
  KEY `idx_role_status` (`status`),
  KEY `createdBy` (`createdBy`),
  KEY `updatedBy` (`updatedBy`),
  CONSTRAINT `roles_ibfk_1` FOREIGN KEY (`createdBy`) REFERENCES `users` (`userId`) ON DELETE SET NULL ON UPDATE CASCADE,
  CONSTRAINT `roles_ibfk_2` FOREIGN KEY (`updatedBy`) REFERENCES `users` (`userId`) ON DELETE SET NULL ON UPDATE CASCADE
) ENGINE=InnoDB AUTO_INCREMENT=6 DEFAULT CHARSET=utf8mb4 COLLATE=utf8mb4_0900_ai_ci;
/*!40101 SET character_set_client = @saved_cs_client */;

--
-- Dumping data for table `roles`
--

LOCK TABLES `roles` WRITE;
/*!40000 ALTER TABLE `roles` DISABLE KEYS */;
INSERT INTO `roles` VALUES (1,'Super Admin','Active',NULL,NULL,'2026-02-20 07:25:54','2026-02-20 07:25:54',NULL),(2,'Admin','Active',NULL,NULL,'2026-02-20 07:25:54','2026-02-20 07:25:54',NULL),(3,'Teaching Staff','Active',NULL,NULL,'2026-02-20 07:25:54','2026-02-20 07:25:54',NULL),(4,'Non-Teaching Staff','Active',NULL,NULL,'2026-02-20 07:25:54','2026-02-20 07:25:54',NULL),(5,'Student','Active',NULL,NULL,'2026-02-20 07:25:54','2026-02-20 07:25:54',NULL);
/*!40000 ALTER TABLE `roles` ENABLE KEYS */;
UNLOCK TABLES;

--
-- Table structure for table `salary_components`
--

DROP TABLE IF EXISTS `salary_components`;
/*!40101 SET @saved_cs_client     = @@character_set_client */;
/*!50503 SET character_set_client = utf8mb4 */;
CREATE TABLE `salary_components` (
  `salaryComponentId` int NOT NULL AUTO_INCREMENT,
  `name` varchar(100) NOT NULL COMMENT 'Name of the salary component (e.g. "Basic Pay", "House Rent Allowance", "Professional Tax")',
  `code` varchar(20) NOT NULL COMMENT 'Unique short code for this component (e.g. "BASIC", "HRA", "PF", "PT")',
  `type` enum('Earning','Deduction') NOT NULL COMMENT 'Whether this is an earning or deduction component',
  `calculationType` enum('Fixed','Percentage','Formula') NOT NULL DEFAULT 'Fixed' COMMENT 'How the amount is calculated',
  `percentage` decimal(5,2) DEFAULT NULL COMMENT 'Percentage value when calculationType is Percentage (e.g. 12 for 12%)',
  `formula` text COMMENT 'Mathematical expression when calculationType is Formula (e.g. "BASIC * 0.12" or "(BASIC + DA) * 0.10")',
  `affectsGrossSalary` tinyint(1) NOT NULL DEFAULT '1' COMMENT 'Whether this component contributes to gross salary',
  `affectsNetSalary` tinyint(1) NOT NULL DEFAULT '1' COMMENT 'Whether this component affects take-home/net salary',
  `isTaxable` tinyint(1) NOT NULL DEFAULT '1' COMMENT 'Whether this component is subject to income tax',
  `isStatutory` tinyint(1) NOT NULL DEFAULT '0' COMMENT 'Whether this is a mandatory/statutory component (e.g. PF, ESI, PT)',
  `displayOrder` int NOT NULL DEFAULT '0' COMMENT 'Order in which this component appears in payslip',
  `status` enum('Active','Inactive') NOT NULL DEFAULT 'Active',
  `companyId` int NOT NULL,
  `createdBy` int DEFAULT NULL COMMENT 'User who created this salary component',
  `updatedBy` int DEFAULT NULL COMMENT 'User who last updated this salary component',
  `createdAt` datetime NOT NULL,
  `updatedAt` datetime NOT NULL,
  `deletedAt` datetime DEFAULT NULL,
  PRIMARY KEY (`salaryComponentId`),
  UNIQUE KEY `unique_code_per_company` (`code`,`companyId`),
  KEY `idx_company_status` (`companyId`,`status`),
  KEY `createdBy` (`createdBy`),
  KEY `updatedBy` (`updatedBy`),
  CONSTRAINT `salary_components_ibfk_1` FOREIGN KEY (`companyId`) REFERENCES `companies` (`companyId`) ON DELETE CASCADE ON UPDATE CASCADE,
  CONSTRAINT `salary_components_ibfk_2` FOREIGN KEY (`createdBy`) REFERENCES `users` (`userId`) ON DELETE SET NULL ON UPDATE CASCADE,
  CONSTRAINT `salary_components_ibfk_3` FOREIGN KEY (`updatedBy`) REFERENCES `users` (`userId`) ON DELETE SET NULL ON UPDATE CASCADE
) ENGINE=InnoDB DEFAULT CHARSET=utf8mb4 COLLATE=utf8mb4_0900_ai_ci;
/*!40101 SET character_set_client = @saved_cs_client */;

--
-- Dumping data for table `salary_components`
--

LOCK TABLES `salary_components` WRITE;
/*!40000 ALTER TABLE `salary_components` DISABLE KEYS */;
/*!40000 ALTER TABLE `salary_components` ENABLE KEYS */;
UNLOCK TABLES;

--
-- Table structure for table `salary_generation_details`
--

DROP TABLE IF EXISTS `salary_generation_details`;
/*!40101 SET @saved_cs_client     = @@character_set_client */;
/*!50503 SET character_set_client = utf8mb4 */;
CREATE TABLE `salary_generation_details` (
  `salaryGenerationDetailId` int NOT NULL AUTO_INCREMENT,
  `salaryGenerationId` int NOT NULL,
  `componentId` int NOT NULL,
  `componentName` varchar(100) NOT NULL COMMENT 'Snapshot of component name at time of generation',
  `componentType` enum('Earning','Deduction') NOT NULL,
  `calculationType` enum('Fixed','Percentage','Formula') NOT NULL,
  `baseAmount` decimal(12,2) DEFAULT NULL COMMENT 'Base amount before any calculation/proration',
  `calculatedAmount` decimal(12,2) NOT NULL DEFAULT '0.00' COMMENT 'Final calculated amount for this component',
  `isProrated` tinyint(1) NOT NULL DEFAULT '0' COMMENT 'Whether amount was prorated based on attendance/partial period',
  `proratedAmount` decimal(12,2) DEFAULT NULL COMMENT 'Amount after proration (if applicable)',
  `formula` text COMMENT 'Formula expression used (if calculationType is Formula)',
  `remarks` text COMMENT 'Any special remarks for this component instance',
  `createdBy` int DEFAULT NULL COMMENT 'User who created/recorded this detail',
  `updatedBy` int DEFAULT NULL COMMENT 'User who last updated this detail',
  `createdAt` datetime NOT NULL,
  `updatedAt` datetime NOT NULL,
  `deletedAt` datetime DEFAULT NULL,
  `salaryComponentId` int DEFAULT NULL,
  `companyId` int DEFAULT NULL,
  PRIMARY KEY (`salaryGenerationDetailId`),
  UNIQUE KEY `unique_generation_component` (`salaryGenerationId`,`componentId`),
  KEY `idx_salary_generation` (`salaryGenerationId`),
  KEY `idx_component` (`componentId`),
  KEY `createdBy` (`createdBy`),
  KEY `updatedBy` (`updatedBy`),
  KEY `salaryComponentId` (`salaryComponentId`),
  KEY `companyId` (`companyId`),
  CONSTRAINT `salary_generation_details_ibfk_1` FOREIGN KEY (`salaryGenerationId`) REFERENCES `salary_generations` (`salaryGenerationId`) ON DELETE CASCADE ON UPDATE CASCADE,
  CONSTRAINT `salary_generation_details_ibfk_2` FOREIGN KEY (`componentId`) REFERENCES `salary_components` (`salaryComponentId`) ON DELETE RESTRICT,
  CONSTRAINT `salary_generation_details_ibfk_3` FOREIGN KEY (`createdBy`) REFERENCES `users` (`userId`) ON DELETE SET NULL ON UPDATE CASCADE,
  CONSTRAINT `salary_generation_details_ibfk_4` FOREIGN KEY (`updatedBy`) REFERENCES `users` (`userId`) ON DELETE SET NULL ON UPDATE CASCADE,
  CONSTRAINT `salary_generation_details_ibfk_5` FOREIGN KEY (`salaryComponentId`) REFERENCES `salary_components` (`salaryComponentId`) ON DELETE SET NULL ON UPDATE CASCADE,
  CONSTRAINT `salary_generation_details_ibfk_6` FOREIGN KEY (`companyId`) REFERENCES `companies` (`companyId`) ON DELETE SET NULL ON UPDATE CASCADE
) ENGINE=InnoDB DEFAULT CHARSET=utf8mb4 COLLATE=utf8mb4_0900_ai_ci;
/*!40101 SET character_set_client = @saved_cs_client */;

--
-- Dumping data for table `salary_generation_details`
--

LOCK TABLES `salary_generation_details` WRITE;
/*!40000 ALTER TABLE `salary_generation_details` DISABLE KEYS */;
/*!40000 ALTER TABLE `salary_generation_details` ENABLE KEYS */;
UNLOCK TABLES;

--
-- Table structure for table `salary_generations`
--

DROP TABLE IF EXISTS `salary_generations`;
/*!40101 SET @saved_cs_client     = @@character_set_client */;
/*!50503 SET character_set_client = utf8mb4 */;
CREATE TABLE `salary_generations` (
  `salaryGenerationId` int NOT NULL AUTO_INCREMENT,
  `staffId` int NOT NULL,
  `employeeSalaryMasterId` int NOT NULL COMMENT 'Reference to the salary structure used for this generation',
  `companyId` int NOT NULL,
  `salaryMonth` int NOT NULL COMMENT 'Month number (1-12)',
  `salaryYear` int NOT NULL COMMENT 'Year (e.g. 2025)',
  `payPeriodStart` date NOT NULL COMMENT 'Start date of the pay period',
  `payPeriodEnd` date NOT NULL COMMENT 'End date of the pay period',
  `workingDays` int NOT NULL DEFAULT '0' COMMENT 'Total working days in the pay period',
  `presentDays` decimal(5,2) NOT NULL DEFAULT '0.00' COMMENT 'Days present (includes half days as 0.5)',
  `absentDays` decimal(5,2) NOT NULL DEFAULT '0.00' COMMENT 'Days absent',
  `paidLeaveDays` decimal(5,2) NOT NULL DEFAULT '0.00' COMMENT 'Paid leave days taken',
  `unpaidLeaveDays` decimal(5,2) NOT NULL DEFAULT '0.00' COMMENT 'Unpaid leave days taken',
  `holidayDays` int NOT NULL DEFAULT '0' COMMENT 'Public holidays in the period',
  `weekOffDays` int NOT NULL DEFAULT '0' COMMENT 'Week offs in the period',
  `overtimeHours` decimal(6,2) NOT NULL DEFAULT '0.00' COMMENT 'Total overtime hours',
  `lateCount` int NOT NULL DEFAULT '0' COMMENT 'Number of late arrivals',
  `earlyExitCount` int NOT NULL DEFAULT '0' COMMENT 'Number of early exits',
  `basicSalary` decimal(12,2) NOT NULL DEFAULT '0.00' COMMENT 'Basic salary component',
  `totalEarnings` decimal(12,2) NOT NULL DEFAULT '0.00' COMMENT 'Sum of all earning components',
  `totalDeductions` decimal(12,2) NOT NULL DEFAULT '0.00' COMMENT 'Sum of all deduction components',
  `grossSalary` decimal(12,2) NOT NULL DEFAULT '0.00' COMMENT 'Total earnings before deductions',
  `netSalary` decimal(12,2) NOT NULL DEFAULT '0.00' COMMENT 'Final take-home salary (gross - deductions)',
  `overtimePay` decimal(10,2) NOT NULL DEFAULT '0.00' COMMENT 'Additional pay for overtime',
  `lateDeduction` decimal(10,2) NOT NULL DEFAULT '0.00' COMMENT 'Deduction for late arrivals',
  `absentDeduction` decimal(10,2) NOT NULL DEFAULT '0.00' COMMENT 'Deduction for absences',
  `leaveDeduction` decimal(10,2) NOT NULL DEFAULT '0.00' COMMENT 'Deduction for unpaid leaves',
  `bonus` decimal(12,2) NOT NULL DEFAULT '0.00' COMMENT 'Any bonus amount',
  `remarks` text COMMENT 'Additional notes or remarks',
  `status` enum('Draft','Generated','Approved','Paid','Cancelled') NOT NULL DEFAULT 'Draft' COMMENT 'Salary generation status',
  `generatedBy` int DEFAULT NULL,
  `approvedBy` int DEFAULT NULL,
  `approvedAt` datetime DEFAULT NULL,
  `paidBy` int DEFAULT NULL,
  `paidAt` datetime DEFAULT NULL,
  `paymentMethod` enum('Bank Transfer','Cash','Cheque','UPI','Other') DEFAULT NULL COMMENT 'Method of salary payment',
  `paymentReference` varchar(100) DEFAULT NULL COMMENT 'Transaction ID or reference number',
  `createdAt` datetime NOT NULL,
  `updatedAt` datetime NOT NULL,
  `deletedAt` datetime DEFAULT NULL,
  PRIMARY KEY (`salaryGenerationId`),
  UNIQUE KEY `unique_employee_month_year` (`staffId`,`salaryMonth`,`salaryYear`),
  KEY `idx_company_month_year` (`companyId`,`salaryMonth`,`salaryYear`),
  KEY `idx_salary_status` (`status`),
  KEY `employeeSalaryMasterId` (`employeeSalaryMasterId`),
  KEY `generatedBy` (`generatedBy`),
  KEY `approvedBy` (`approvedBy`),
  KEY `paidBy` (`paidBy`),
  CONSTRAINT `salary_generations_ibfk_1` FOREIGN KEY (`staffId`) REFERENCES `staff_details` (`staffId`) ON DELETE CASCADE ON UPDATE CASCADE,
  CONSTRAINT `salary_generations_ibfk_2` FOREIGN KEY (`employeeSalaryMasterId`) REFERENCES `employee_salary_masters` (`employeeSalaryMasterId`) ON DELETE RESTRICT ON UPDATE CASCADE,
  CONSTRAINT `salary_generations_ibfk_3` FOREIGN KEY (`companyId`) REFERENCES `companies` (`companyId`) ON DELETE CASCADE ON UPDATE CASCADE,
  CONSTRAINT `salary_generations_ibfk_4` FOREIGN KEY (`generatedBy`) REFERENCES `users` (`userId`) ON DELETE SET NULL ON UPDATE CASCADE,
  CONSTRAINT `salary_generations_ibfk_5` FOREIGN KEY (`approvedBy`) REFERENCES `users` (`userId`) ON DELETE SET NULL ON UPDATE CASCADE,
  CONSTRAINT `salary_generations_ibfk_6` FOREIGN KEY (`paidBy`) REFERENCES `users` (`userId`) ON DELETE SET NULL ON UPDATE CASCADE
) ENGINE=InnoDB DEFAULT CHARSET=utf8mb4 COLLATE=utf8mb4_0900_ai_ci;
/*!40101 SET character_set_client = @saved_cs_client */;

--
-- Dumping data for table `salary_generations`
--

LOCK TABLES `salary_generations` WRITE;
/*!40000 ALTER TABLE `salary_generations` DISABLE KEYS */;
/*!40000 ALTER TABLE `salary_generations` ENABLE KEYS */;
UNLOCK TABLES;

--
-- Table structure for table `salary_revision_histories`
--

DROP TABLE IF EXISTS `salary_revision_histories`;
/*!40101 SET @saved_cs_client     = @@character_set_client */;
/*!50503 SET character_set_client = utf8mb4 */;
CREATE TABLE `salary_revision_histories` (
  `salaryRevisionHistoryId` int NOT NULL AUTO_INCREMENT,
  `staffId` int NOT NULL,
  `companyId` int NOT NULL,
  `oldSalaryMasterId` int DEFAULT NULL COMMENT 'Previous salary structure (null for initial assignment)',
  `newSalaryMasterId` int NOT NULL COMMENT 'New salary structure',
  `revisionDate` date NOT NULL COMMENT 'Date when this revision becomes effective',
  `revisionType` enum('Initial','Annual_Hike','Promotion','Special_Increment','Correction','Transfer') NOT NULL,
  `oldBasicSalary` decimal(12,2) DEFAULT NULL COMMENT 'Previous basic salary',
  `newBasicSalary` decimal(12,2) NOT NULL COMMENT 'New basic salary',
  `oldGrossSalary` decimal(12,2) DEFAULT NULL COMMENT 'Previous gross salary',
  `newGrossSalary` decimal(12,2) NOT NULL COMMENT 'New gross salary',
  `oldCTC` decimal(12,2) DEFAULT NULL COMMENT 'Previous annual CTC',
  `newCTC` decimal(12,2) NOT NULL COMMENT 'New annual CTC',
  `incrementAmount` decimal(12,2) NOT NULL COMMENT 'Absolute increment amount',
  `incrementPercentage` decimal(5,2) NOT NULL COMMENT 'Percentage increase',
  `reason` text COMMENT 'Reason for this salary revision',
  `remarks` text,
  `approvedBy` int DEFAULT NULL COMMENT 'User who approved this revision',
  `approvedDate` datetime DEFAULT NULL,
  `processedBy` int DEFAULT NULL COMMENT 'User who processed/recorded this revision',
  `createdBy` int DEFAULT NULL COMMENT 'User who created this history record',
  `updatedBy` int DEFAULT NULL COMMENT 'User who last updated this history record',
  `createdAt` datetime NOT NULL,
  `updatedAt` datetime NOT NULL,
  `deletedAt` datetime DEFAULT NULL,
  PRIMARY KEY (`salaryRevisionHistoryId`),
  UNIQUE KEY `unique_employee_new_structure` (`staffId`,`newSalaryMasterId`),
  KEY `idx_employee_revision_date` (`staffId`,`revisionDate`),
  KEY `idx_revision_type` (`revisionType`),
  KEY `idx_company` (`companyId`),
  KEY `oldSalaryMasterId` (`oldSalaryMasterId`),
  KEY `newSalaryMasterId` (`newSalaryMasterId`),
  KEY `approvedBy` (`approvedBy`),
  KEY `processedBy` (`processedBy`),
  KEY `createdBy` (`createdBy`),
  KEY `updatedBy` (`updatedBy`),
  CONSTRAINT `salary_revision_histories_ibfk_1` FOREIGN KEY (`staffId`) REFERENCES `staff_details` (`staffId`) ON DELETE CASCADE ON UPDATE CASCADE,
  CONSTRAINT `salary_revision_histories_ibfk_2` FOREIGN KEY (`companyId`) REFERENCES `companies` (`companyId`) ON DELETE CASCADE ON UPDATE CASCADE,
  CONSTRAINT `salary_revision_histories_ibfk_3` FOREIGN KEY (`oldSalaryMasterId`) REFERENCES `employee_salary_masters` (`employeeSalaryMasterId`) ON DELETE SET NULL ON UPDATE CASCADE,
  CONSTRAINT `salary_revision_histories_ibfk_4` FOREIGN KEY (`newSalaryMasterId`) REFERENCES `employee_salary_masters` (`employeeSalaryMasterId`) ON DELETE CASCADE ON UPDATE CASCADE,
  CONSTRAINT `salary_revision_histories_ibfk_5` FOREIGN KEY (`approvedBy`) REFERENCES `users` (`userId`) ON DELETE SET NULL ON UPDATE CASCADE,
  CONSTRAINT `salary_revision_histories_ibfk_6` FOREIGN KEY (`processedBy`) REFERENCES `users` (`userId`) ON DELETE SET NULL ON UPDATE CASCADE,
  CONSTRAINT `salary_revision_histories_ibfk_7` FOREIGN KEY (`createdBy`) REFERENCES `users` (`userId`) ON DELETE SET NULL ON UPDATE CASCADE,
  CONSTRAINT `salary_revision_histories_ibfk_8` FOREIGN KEY (`updatedBy`) REFERENCES `users` (`userId`) ON DELETE SET NULL ON UPDATE CASCADE
) ENGINE=InnoDB DEFAULT CHARSET=utf8mb4 COLLATE=utf8mb4_0900_ai_ci;
/*!40101 SET character_set_client = @saved_cs_client */;

--
-- Dumping data for table `salary_revision_histories`
--

LOCK TABLES `salary_revision_histories` WRITE;
/*!40000 ALTER TABLE `salary_revision_histories` DISABLE KEYS */;
/*!40000 ALTER TABLE `salary_revision_histories` ENABLE KEYS */;
UNLOCK TABLES;

--
-- Table structure for table `shift_assignments`
--

DROP TABLE IF EXISTS `shift_assignments`;
/*!40101 SET @saved_cs_client     = @@character_set_client */;
/*!50503 SET character_set_client = utf8mb4 */;
CREATE TABLE `shift_assignments` (
  `shiftAssignmentId` int NOT NULL AUTO_INCREMENT,
  `staffId` int NOT NULL,
  `shiftTypeId` int NOT NULL,
  `startDate` date DEFAULT NULL COMMENT 'Start date for recurring shift assignments',
  `endDate` date DEFAULT NULL COMMENT 'End date for recurring shift assignments',
  `isRecurring` tinyint(1) NOT NULL DEFAULT '0' COMMENT 'Whether this assignment repeats over time',
  `recurringPattern` enum('daily','weekly','monthly','custom') DEFAULT NULL COMMENT 'Recurrence frequency pattern',
  `recurringDays` json DEFAULT NULL COMMENT 'Days of week for weekly pattern: [0,1,2,3,4,5,6] where 0=Sunday',
  `status` enum('Active','Inactive','Cancelled') NOT NULL DEFAULT 'Active',
  `notes` text COMMENT 'Additional notes or instructions for this shift assignment',
  `companyId` int NOT NULL,
  `createdBy` int DEFAULT NULL COMMENT 'User who created this shift assignment',
  `updatedBy` int DEFAULT NULL COMMENT 'User who last updated this shift assignment',
  `createdAt` datetime NOT NULL,
  `updatedAt` datetime NOT NULL,
  `deletedAt` datetime DEFAULT NULL,
  PRIMARY KEY (`shiftAssignmentId`),
  UNIQUE KEY `unique_employee_shift_assignment` (`staffId`),
  KEY `idx_company_status` (`companyId`,`status`),
  KEY `idx_shift_type` (`shiftTypeId`),
  KEY `idx_employee_status` (`staffId`,`status`),
  KEY `createdBy` (`createdBy`),
  KEY `updatedBy` (`updatedBy`),
  CONSTRAINT `shift_assignments_ibfk_1` FOREIGN KEY (`staffId`) REFERENCES `staff_details` (`staffId`) ON DELETE CASCADE ON UPDATE CASCADE,
  CONSTRAINT `shift_assignments_ibfk_2` FOREIGN KEY (`shiftTypeId`) REFERENCES `shift_types` (`shiftTypeId`) ON DELETE CASCADE ON UPDATE CASCADE,
  CONSTRAINT `shift_assignments_ibfk_3` FOREIGN KEY (`companyId`) REFERENCES `companies` (`companyId`) ON DELETE CASCADE ON UPDATE CASCADE,
  CONSTRAINT `shift_assignments_ibfk_4` FOREIGN KEY (`createdBy`) REFERENCES `users` (`userId`) ON DELETE SET NULL ON UPDATE CASCADE,
  CONSTRAINT `shift_assignments_ibfk_5` FOREIGN KEY (`updatedBy`) REFERENCES `users` (`userId`) ON DELETE SET NULL ON UPDATE CASCADE
) ENGINE=InnoDB AUTO_INCREMENT=11 DEFAULT CHARSET=utf8mb4 COLLATE=utf8mb4_0900_ai_ci;
/*!40101 SET character_set_client = @saved_cs_client */;

--
-- Dumping data for table `shift_assignments`
--

LOCK TABLES `shift_assignments` WRITE;
/*!40000 ALTER TABLE `shift_assignments` DISABLE KEYS */;
INSERT INTO `shift_assignments` VALUES (1,1,2,'2026-01-01','2026-02-28',1,'weekly','[1, 2, 3, 4, 5, 6]','Active','Seeded shift assignment',1,1,1,'2026-02-20 07:25:57','2026-02-20 07:25:57',NULL),(2,2,3,NULL,NULL,0,NULL,NULL,'Active',NULL,1,1,1,'2026-02-20 07:25:57','2026-02-20 10:43:47',NULL),(3,3,1,'2026-01-01','2026-02-28',1,'weekly','[1, 2, 3, 4, 5, 6]','Active','Seeded shift assignment',1,1,1,'2026-02-20 07:25:57','2026-02-20 07:25:57',NULL),(4,4,1,'2026-01-01','2026-02-28',1,'weekly','[1, 2, 3, 4, 5, 6]','Active','Seeded shift assignment',1,1,1,'2026-02-20 07:25:57','2026-02-20 07:25:57',NULL),(5,5,1,'2026-01-01','2026-02-28',1,'weekly','[1, 2, 3, 4, 5, 6]','Active','Seeded shift assignment',1,1,1,'2026-02-20 07:25:57','2026-02-20 07:25:57',NULL),(6,6,2,'2026-01-01','2026-02-28',1,'weekly','[1, 2, 3, 4, 5, 6]','Active','Seeded shift assignment',1,1,1,'2026-02-20 07:25:57','2026-02-20 07:25:57',NULL),(7,7,2,'2026-01-01','2026-02-28',1,'weekly','[1, 2, 3, 4, 5, 6]','Active','Seeded shift assignment',1,1,1,'2026-02-20 07:25:57','2026-02-20 07:25:57',NULL),(8,8,2,'2026-01-01','2026-02-28',1,'weekly','[1, 2, 3, 4, 5, 6]','Active','Seeded shift assignment',1,1,1,'2026-02-20 07:25:57','2026-02-20 07:25:57',NULL),(9,9,2,'2026-01-01','2026-02-28',1,'weekly','[1, 2, 3, 4, 5, 6]','Active','Seeded shift assignment',1,1,1,'2026-02-20 07:25:57','2026-02-20 07:25:57',NULL),(10,10,2,'2026-01-01','2026-02-28',1,'weekly','[1, 2, 3, 4, 5, 6]','Active','Seeded shift assignment',1,1,1,'2026-02-20 07:25:57','2026-02-20 07:25:57',NULL);
/*!40000 ALTER TABLE `shift_assignments` ENABLE KEYS */;
UNLOCK TABLES;

--
-- Table structure for table `shift_types`
--

DROP TABLE IF EXISTS `shift_types`;
/*!40101 SET @saved_cs_client     = @@character_set_client */;
/*!50503 SET character_set_client = utf8mb4 */;
CREATE TABLE `shift_types` (
  `shiftTypeId` int NOT NULL AUTO_INCREMENT,
  `name` varchar(100) NOT NULL COMMENT 'Shift name (e.g. "General Shift", "Night Shift", "Morning Shift")',
  `startTime` time NOT NULL COMMENT 'Shift start time (e.g. "09:00:00")',
  `endTime` time NOT NULL COMMENT 'Shift end time (e.g. "18:00:00")',
  `beginCheckInBefore` int NOT NULL DEFAULT '15' COMMENT 'Minutes before shift start to allow check-in',
  `allowCheckOutAfter` int NOT NULL DEFAULT '15' COMMENT 'Minutes after shift end to allow check-out',
  `enableAutoAttendance` tinyint(1) NOT NULL DEFAULT '1' COMMENT 'Automatically mark attendance if no manual punch',
  `requireCheckIn` tinyint(1) NOT NULL DEFAULT '1',
  `requireCheckOut` tinyint(1) NOT NULL DEFAULT '1',
  `allowMultipleCheckIns` tinyint(1) NOT NULL DEFAULT '0' COMMENT 'Allow multiple check-ins/out per day',
  `autoMarkAbsentIfNoCheckIn` tinyint(1) NOT NULL DEFAULT '0' COMMENT 'Auto-mark absent if no check-in recorded',
  `workingHoursCalculation` enum('first_to_last','fixed_hours','with_breaks') NOT NULL DEFAULT 'first_to_last' COMMENT 'Method to calculate working hours',
  `minimumHours` decimal(4,2) NOT NULL DEFAULT '6.00',
  `halfDayHours` decimal(4,2) NOT NULL DEFAULT '4.00' COMMENT 'Working hours threshold for half day',
  `absentHours` decimal(4,2) NOT NULL DEFAULT '6.00' COMMENT 'Working hours threshold to mark absent',
  `enableLateEntry` tinyint(1) NOT NULL DEFAULT '1',
  `lateGracePeriod` int NOT NULL DEFAULT '15' COMMENT 'Grace period in minutes for late entry',
  `enableEarlyExit` tinyint(1) NOT NULL DEFAULT '1',
  `earlyExitPeriod` int NOT NULL DEFAULT '15' COMMENT 'Period in minutes for early exit allowance',
  `markAutoAttendanceOnHolidays` tinyint(1) NOT NULL DEFAULT '0' COMMENT 'Auto-mark attendance on holidays',
  `weeklyOff` text NOT NULL COMMENT 'JSON array of weekly off day names (e.g. ["sunday", "saturday"])',
  `status` enum('Active','Inactive') NOT NULL DEFAULT 'Active',
  `companyId` int NOT NULL,
  `createdBy` int DEFAULT NULL COMMENT 'User who created this shift type',
  `updatedBy` int DEFAULT NULL COMMENT 'User who last updated this shift type',
  `createdAt` datetime NOT NULL,
  `updatedAt` datetime NOT NULL,
  `deletedAt` datetime DEFAULT NULL,
  PRIMARY KEY (`shiftTypeId`),
  KEY `idx_company_status` (`companyId`,`status`),
  KEY `createdBy` (`createdBy`),
  KEY `updatedBy` (`updatedBy`),
  CONSTRAINT `shift_types_ibfk_1` FOREIGN KEY (`companyId`) REFERENCES `companies` (`companyId`) ON DELETE CASCADE ON UPDATE CASCADE,
  CONSTRAINT `shift_types_ibfk_2` FOREIGN KEY (`createdBy`) REFERENCES `users` (`userId`) ON DELETE SET NULL ON UPDATE CASCADE,
  CONSTRAINT `shift_types_ibfk_3` FOREIGN KEY (`updatedBy`) REFERENCES `users` (`userId`) ON DELETE SET NULL ON UPDATE CASCADE
) ENGINE=InnoDB AUTO_INCREMENT=4 DEFAULT CHARSET=utf8mb4 COLLATE=utf8mb4_0900_ai_ci;
/*!40101 SET character_set_client = @saved_cs_client */;

--
-- Dumping data for table `shift_types`
--

LOCK TABLES `shift_types` WRITE;
/*!40000 ALTER TABLE `shift_types` DISABLE KEYS */;
INSERT INTO `shift_types` VALUES (1,'Teaching Shift NEC','09:30:00','16:30:00',20,20,1,1,1,0,0,'first_to_last',6.00,4.00,6.00,1,15,1,15,0,'[\"sunday\"]','Active',1,NULL,NULL,'2026-02-20 07:25:54','2026-02-20 07:25:54',NULL),(2,'Non-Teaching Shift NEC','09:00:00','17:00:00',20,20,1,1,1,0,0,'first_to_last',6.00,4.00,6.00,1,15,1,15,0,'[\"sunday\"]','Active',1,NULL,NULL,'2026-02-20 07:25:55','2026-02-20 07:25:55',NULL),(3,'Nec Night Shift','22:00:00','06:00:00',15,15,1,1,1,0,0,'first_to_last',6.00,4.00,6.00,1,15,1,15,0,'[\"sunday\"]','Active',1,1,1,'2026-02-20 10:35:54','2026-02-20 10:35:54',NULL);
/*!40000 ALTER TABLE `shift_types` ENABLE KEYS */;
UNLOCK TABLES;

--
-- Table structure for table `staff_details`
--

DROP TABLE IF EXISTS `staff_details`;
/*!40101 SET @saved_cs_client     = @@character_set_client */;
/*!50503 SET character_set_client = utf8mb4 */;
CREATE TABLE `staff_details` (
  `staffId` int NOT NULL AUTO_INCREMENT COMMENT 'Primary key for employee/staff',
  `biometricNumber` varchar(50) DEFAULT NULL COMMENT 'Biometric ID / Enrollment Number from device',
  `companyId` int NOT NULL,
  `staffNumber` varchar(255) NOT NULL COMMENT 'Reference to user table for login credentials',
  `salutation` varchar(10) DEFAULT NULL,
  `firstName` varchar(50) NOT NULL,
  `middleName` varchar(50) DEFAULT NULL,
  `lastName` varchar(50) DEFAULT NULL,
  `gender` enum('Male','Female','Other') DEFAULT NULL,
  `DOB` date DEFAULT NULL,
  `bloodGroup` enum('A+','A-','B+','B-','O+','O-','AB+','AB-') DEFAULT NULL,
  `maritalStatus` enum('Single','Married','Divorced','Widowed') DEFAULT NULL,
  `weddingDate` date DEFAULT NULL,
  `photo` varchar(500) DEFAULT NULL,
  `personalEmail` varchar(150) NOT NULL,
  `employeeMail` varchar(150) DEFAULT NULL,
  `mobileNumber` varchar(15) DEFAULT NULL,
  `alternateMobile` varchar(15) DEFAULT NULL,
  `emergencyContactName` varchar(100) DEFAULT NULL,
  `emergencyContactNumber` varchar(15) DEFAULT NULL,
  `emergencyContactRelationship` varchar(50) DEFAULT NULL,
  `currentAddressLine1` varchar(150) DEFAULT NULL,
  `currentAddressLine2` varchar(150) DEFAULT NULL,
  `currentCity` varchar(100) DEFAULT NULL,
  `currentState` varchar(100) DEFAULT NULL,
  `currentPincode` varchar(10) DEFAULT NULL,
  `currentCountry` varchar(100) DEFAULT 'India',
  `permanentAddressLine1` varchar(150) DEFAULT NULL,
  `permanentAddressLine2` varchar(150) DEFAULT NULL,
  `permanentCity` varchar(100) DEFAULT NULL,
  `permanentState` varchar(100) DEFAULT NULL,
  `permanentPincode` varchar(10) DEFAULT NULL,
  `permanentCountry` varchar(100) DEFAULT NULL,
  `departmentId` int NOT NULL,
  `designationId` int DEFAULT NULL,
  `employeeGradeId` int DEFAULT NULL,
  `DOJ` date NOT NULL,
  `confirmationDate` date DEFAULT NULL,
  `probationPeriod` int DEFAULT '0' COMMENT 'in months',
  `reportsTo` int DEFAULT NULL,
  `workLocation` varchar(100) DEFAULT NULL,
  `employmentStatus` enum('Active','Resigned','Terminated','On Leave','Retired','Notice Period') NOT NULL DEFAULT 'Active',
  `shiftTypeId` int DEFAULT NULL,
  `leavePolicyId` int DEFAULT NULL,
  `isOvertimeApplicable` tinyint(1) DEFAULT '0',
  `remainingPermissionHours` int DEFAULT '0',
  `basicSalary` decimal(12,2) DEFAULT NULL,
  `costToCompany` decimal(15,2) DEFAULT NULL,
  `salaryCurrency` varchar(3) DEFAULT 'INR',
  `paymentMode` enum('Bank Transfer','Cash','Cheque') DEFAULT 'Bank Transfer',
  `bankName` varchar(100) DEFAULT NULL,
  `bankAccountNumber` varchar(50) DEFAULT NULL,
  `ifscCode` varchar(11) DEFAULT NULL,
  `panNumber` varchar(10) DEFAULT NULL,
  `uanNumber` varchar(20) DEFAULT NULL,
  `esiNumber` varchar(20) DEFAULT NULL,
  `isTransportRequired` tinyint(1) DEFAULT '0',
  `busId` int DEFAULT NULL,
  `pickupPoint` varchar(150) DEFAULT NULL,
  `aadhaarNumber` varchar(12) DEFAULT NULL,
  `passportNumber` varchar(20) DEFAULT NULL,
  `drivingLicenseNumber` varchar(20) DEFAULT NULL,
  `voterIdNumber` varchar(20) DEFAULT NULL,
  `annaUniversityFacultyId` varchar(100) DEFAULT NULL COMMENT 'Anna University Faculty ID',
  `aicteFacultyId` varchar(100) DEFAULT NULL COMMENT 'AICTE Faculty ID',
  `orcid` varchar(100) DEFAULT NULL COMMENT 'ORCID - Open Researcher and Contributor ID',
  `researcherId` varchar(100) DEFAULT NULL COMMENT 'ResearcherID (Web of Science/Publons)',
  `googleScholarId` varchar(100) DEFAULT NULL COMMENT 'Google Scholar Profile ID',
  `scopusProfile` varchar(255) DEFAULT NULL COMMENT 'Scopus Profile URL or ID',
  `vidwanProfile` varchar(255) DEFAULT NULL COMMENT 'VIDWAN Profile URL or ID',
  `supervisorId` int DEFAULT NULL COMMENT 'Academic/Research Supervisor',
  `hIndex` int DEFAULT NULL COMMENT 'h-index for research publications',
  `citationIndex` int DEFAULT NULL COMMENT 'Total citation count',
  `resignationLetterDate` date DEFAULT NULL,
  `reasonForResignation` text COMMENT 'Reason provided for resignation',
  `relievingDate` date DEFAULT NULL,
  `dateOfRetirement` date DEFAULT NULL COMMENT 'Auto-calculated based on DOB + retirement age from settings (default 58 years)',
  `exitInterviewHeldOn` date DEFAULT NULL,
  `status` enum('Active','Inactive') NOT NULL DEFAULT 'Active',
  `createdBy` int DEFAULT NULL,
  `updatedBy` int DEFAULT NULL,
  `createdAt` datetime NOT NULL,
  `updatedAt` datetime NOT NULL,
  `deletedAt` datetime DEFAULT NULL,
  `biometricDeviceId` int DEFAULT NULL,
  `gradeId` int DEFAULT NULL,
  PRIMARY KEY (`staffId`),
  UNIQUE KEY `biometricNumber` (`biometricNumber`),
  UNIQUE KEY `biometricNumber_2` (`biometricNumber`),
  KEY `companyId` (`companyId`),
  KEY `staffNumber` (`staffNumber`),
  KEY `departmentId` (`departmentId`),
  KEY `designationId` (`designationId`),
  KEY `employeeGradeId` (`employeeGradeId`),
  KEY `reportsTo` (`reportsTo`),
  KEY `shiftTypeId` (`shiftTypeId`),
  KEY `leavePolicyId` (`leavePolicyId`),
  KEY `busId` (`busId`),
  KEY `supervisorId` (`supervisorId`),
  KEY `createdBy` (`createdBy`),
  KEY `updatedBy` (`updatedBy`),
  KEY `biometricDeviceId` (`biometricDeviceId`),
  KEY `gradeId` (`gradeId`),
  CONSTRAINT `staff_details_ibfk_1` FOREIGN KEY (`companyId`) REFERENCES `companies` (`companyId`) ON DELETE CASCADE ON UPDATE CASCADE,
  CONSTRAINT `staff_details_ibfk_10` FOREIGN KEY (`supervisorId`) REFERENCES `staff_details` (`staffId`),
  CONSTRAINT `staff_details_ibfk_11` FOREIGN KEY (`createdBy`) REFERENCES `users` (`userId`) ON DELETE SET NULL ON UPDATE CASCADE,
  CONSTRAINT `staff_details_ibfk_12` FOREIGN KEY (`updatedBy`) REFERENCES `users` (`userId`) ON DELETE SET NULL ON UPDATE CASCADE,
  CONSTRAINT `staff_details_ibfk_13` FOREIGN KEY (`biometricDeviceId`) REFERENCES `biometric_devices` (`deviceId`) ON DELETE SET NULL ON UPDATE CASCADE,
  CONSTRAINT `staff_details_ibfk_14` FOREIGN KEY (`gradeId`) REFERENCES `employee_grades` (`employeeGradeId`) ON DELETE SET NULL ON UPDATE CASCADE,
  CONSTRAINT `staff_details_ibfk_2` FOREIGN KEY (`staffNumber`) REFERENCES `users` (`userNumber`) ON UPDATE CASCADE,
  CONSTRAINT `staff_details_ibfk_3` FOREIGN KEY (`departmentId`) REFERENCES `departments` (`departmentId`) ON DELETE CASCADE ON UPDATE CASCADE,
  CONSTRAINT `staff_details_ibfk_4` FOREIGN KEY (`designationId`) REFERENCES `designations` (`designationId`) ON DELETE SET NULL ON UPDATE CASCADE,
  CONSTRAINT `staff_details_ibfk_5` FOREIGN KEY (`employeeGradeId`) REFERENCES `employee_grades` (`employeeGradeId`) ON DELETE SET NULL ON UPDATE CASCADE,
  CONSTRAINT `staff_details_ibfk_6` FOREIGN KEY (`reportsTo`) REFERENCES `staff_details` (`staffId`),
  CONSTRAINT `staff_details_ibfk_7` FOREIGN KEY (`shiftTypeId`) REFERENCES `shift_types` (`shiftTypeId`) ON DELETE SET NULL ON UPDATE CASCADE,
  CONSTRAINT `staff_details_ibfk_8` FOREIGN KEY (`leavePolicyId`) REFERENCES `leave_policies` (`leavePolicyId`),
  CONSTRAINT `staff_details_ibfk_9` FOREIGN KEY (`busId`) REFERENCES `buses` (`busId`) ON DELETE SET NULL ON UPDATE CASCADE
) ENGINE=InnoDB AUTO_INCREMENT=11 DEFAULT CHARSET=utf8mb4 COLLATE=utf8mb4_0900_ai_ci;
/*!40101 SET character_set_client = @saved_cs_client */;

--
-- Dumping data for table `staff_details`
--

LOCK TABLES `staff_details` WRITE;
/*!40000 ALTER TABLE `staff_details` DISABLE KEYS */;
INSERT INTO `staff_details` VALUES (1,'BIO9000001',1,'sad1',NULL,'Super',NULL,'Admin',NULL,NULL,NULL,NULL,NULL,NULL,'superadmin@nec.edu.in','superadmin@nec.edu.in',NULL,NULL,NULL,NULL,NULL,NULL,NULL,NULL,NULL,NULL,'India',NULL,NULL,NULL,NULL,NULL,NULL,8,1,1,'2026-02-20',NULL,0,NULL,NULL,'Active',2,NULL,0,4,NULL,NULL,'INR','Bank Transfer',NULL,NULL,NULL,NULL,NULL,NULL,0,NULL,NULL,NULL,NULL,NULL,NULL,NULL,NULL,NULL,NULL,NULL,NULL,NULL,NULL,NULL,NULL,NULL,NULL,NULL,NULL,NULL,'Active',NULL,1,'2026-02-20 07:25:55','2026-02-21 12:39:31',NULL,NULL,NULL),(2,'BIO9000002',1,'9000002',NULL,'Prof',NULL,'Arjun',NULL,NULL,NULL,NULL,NULL,NULL,'arjun@nec.edu.in','arjun@nec.edu.in',NULL,NULL,NULL,NULL,NULL,NULL,NULL,NULL,NULL,NULL,'India',NULL,NULL,NULL,NULL,NULL,NULL,1,3,1,'2026-02-20',NULL,0,NULL,NULL,'Active',3,NULL,0,4,NULL,NULL,'INR','Bank Transfer',NULL,NULL,NULL,NULL,NULL,NULL,0,NULL,NULL,NULL,NULL,NULL,NULL,NULL,NULL,NULL,NULL,NULL,NULL,NULL,NULL,NULL,NULL,NULL,NULL,NULL,NULL,NULL,'Active',1,1,'2026-02-20 07:25:55','2026-02-21 12:31:52',NULL,NULL,NULL),(3,'BIO9000003',1,'9000003',NULL,'Prof',NULL,'Meera',NULL,NULL,NULL,NULL,NULL,NULL,'meera@nec.edu.in','meera@nec.edu.in',NULL,NULL,NULL,NULL,NULL,NULL,NULL,NULL,NULL,NULL,'India',NULL,NULL,NULL,NULL,NULL,NULL,2,3,1,'2026-02-20',NULL,0,NULL,NULL,'Active',1,NULL,0,6,NULL,NULL,'INR','Bank Transfer',NULL,NULL,NULL,NULL,NULL,NULL,0,NULL,NULL,NULL,NULL,NULL,NULL,NULL,NULL,NULL,NULL,NULL,NULL,NULL,NULL,NULL,NULL,NULL,NULL,NULL,NULL,NULL,'Active',1,1,'2026-02-20 07:25:55','2026-02-21 11:29:21',NULL,NULL,NULL),(4,'BIO9000004',1,'9000004',NULL,'Asst',NULL,'Prof Ravi',NULL,NULL,NULL,NULL,NULL,NULL,'ravi@nec.edu.in','ravi@nec.edu.in',NULL,NULL,NULL,NULL,NULL,NULL,NULL,NULL,NULL,NULL,'India',NULL,NULL,NULL,NULL,NULL,NULL,6,4,2,'2026-02-20',NULL,0,NULL,NULL,'Active',1,NULL,0,4,NULL,NULL,'INR','Bank Transfer',NULL,NULL,NULL,NULL,NULL,NULL,0,NULL,NULL,NULL,NULL,NULL,NULL,NULL,NULL,NULL,NULL,NULL,NULL,NULL,NULL,NULL,NULL,NULL,NULL,NULL,NULL,NULL,'Active',1,1,'2026-02-20 07:25:55','2026-02-21 12:31:52',NULL,NULL,NULL),(5,'BIO9000005',1,'9000005',NULL,'Asst',NULL,'Prof Nisha',NULL,NULL,NULL,NULL,NULL,NULL,'nisha@nec.edu.in','nisha@nec.edu.in',NULL,NULL,NULL,NULL,NULL,NULL,NULL,NULL,NULL,NULL,'India',NULL,NULL,NULL,NULL,NULL,NULL,3,4,2,'2026-02-20',NULL,0,NULL,NULL,'Active',1,NULL,0,4,NULL,NULL,'INR','Bank Transfer',NULL,NULL,NULL,NULL,NULL,NULL,0,NULL,NULL,NULL,NULL,NULL,NULL,NULL,NULL,NULL,NULL,NULL,NULL,NULL,NULL,NULL,NULL,NULL,NULL,NULL,NULL,NULL,'Active',1,1,'2026-02-20 07:25:55','2026-02-21 11:29:21',NULL,NULL,NULL),(6,'BIO9000006',1,'9000006',NULL,'Staff',NULL,'Karthik',NULL,NULL,NULL,NULL,NULL,NULL,'karthik@nec.edu.in','karthik@nec.edu.in',NULL,NULL,NULL,NULL,NULL,NULL,NULL,NULL,NULL,NULL,'India',NULL,NULL,NULL,NULL,NULL,NULL,8,5,3,'2026-02-20',NULL,0,NULL,NULL,'Active',2,NULL,0,6,NULL,NULL,'INR','Bank Transfer',NULL,NULL,NULL,NULL,NULL,NULL,0,NULL,NULL,NULL,NULL,NULL,NULL,NULL,NULL,NULL,NULL,NULL,NULL,NULL,NULL,NULL,NULL,NULL,NULL,NULL,NULL,NULL,'Active',1,1,'2026-02-20 07:25:56','2026-02-21 11:29:21',NULL,NULL,NULL),(7,'BIO9000007',1,'9000007',NULL,'Staff',NULL,'Priya',NULL,NULL,NULL,NULL,NULL,NULL,'priya@nec.edu.in','priya@nec.edu.in',NULL,NULL,NULL,NULL,NULL,NULL,NULL,NULL,NULL,NULL,'India',NULL,NULL,NULL,NULL,NULL,NULL,4,5,3,'2026-02-20',NULL,0,NULL,NULL,'Active',2,NULL,0,6,NULL,NULL,'INR','Bank Transfer',NULL,NULL,NULL,NULL,NULL,NULL,0,NULL,NULL,NULL,NULL,NULL,NULL,NULL,NULL,NULL,NULL,NULL,NULL,NULL,NULL,NULL,NULL,NULL,NULL,NULL,NULL,NULL,'Active',1,1,'2026-02-20 07:25:56','2026-02-21 11:29:21',NULL,NULL,NULL),(8,'BIO9000008',1,'9000008',NULL,'Lab',NULL,'Raj',NULL,NULL,NULL,NULL,NULL,NULL,'raj@nec.edu.in','raj@nec.edu.in',NULL,NULL,NULL,NULL,NULL,NULL,NULL,NULL,NULL,NULL,'India',NULL,NULL,NULL,NULL,NULL,NULL,5,6,3,'2026-02-20',NULL,0,NULL,NULL,'Active',2,NULL,0,6,NULL,NULL,'INR','Bank Transfer',NULL,NULL,NULL,NULL,NULL,NULL,0,NULL,NULL,NULL,NULL,NULL,NULL,NULL,NULL,NULL,NULL,NULL,NULL,NULL,NULL,NULL,NULL,NULL,NULL,NULL,NULL,NULL,'Active',1,1,'2026-02-20 07:25:56','2026-02-21 11:29:21',NULL,NULL,NULL),(9,'BIO9000009',1,'9000009',NULL,'Clerk',NULL,'Siva',NULL,NULL,NULL,NULL,NULL,NULL,'siva@nec.edu.in','siva@nec.edu.in',NULL,NULL,NULL,NULL,NULL,NULL,NULL,NULL,NULL,NULL,'India',NULL,NULL,NULL,NULL,NULL,NULL,8,5,3,'2026-02-20',NULL,0,NULL,NULL,'Active',2,NULL,0,6,NULL,NULL,'INR','Bank Transfer',NULL,NULL,NULL,NULL,NULL,NULL,0,NULL,NULL,NULL,NULL,NULL,NULL,NULL,NULL,NULL,NULL,NULL,NULL,NULL,NULL,NULL,NULL,NULL,NULL,NULL,NULL,NULL,'Active',1,1,'2026-02-20 07:25:56','2026-02-21 11:29:21',NULL,NULL,NULL),(10,'BIO9000010',1,'9000010',NULL,'Staff',NULL,'Deepa',NULL,NULL,NULL,NULL,NULL,NULL,'deepa@nec.edu.in','deepa@nec.edu.in',NULL,NULL,NULL,NULL,NULL,NULL,NULL,NULL,NULL,NULL,'India',NULL,NULL,NULL,NULL,NULL,NULL,6,5,3,'2026-02-20',NULL,0,NULL,NULL,'Active',2,NULL,0,6,NULL,NULL,'INR','Bank Transfer',NULL,NULL,NULL,NULL,NULL,NULL,0,NULL,NULL,NULL,NULL,NULL,NULL,NULL,NULL,NULL,NULL,NULL,NULL,NULL,NULL,NULL,NULL,NULL,NULL,NULL,NULL,NULL,'Active',1,1,'2026-02-20 07:25:56','2026-02-21 11:29:21',NULL,NULL,NULL);
/*!40000 ALTER TABLE `staff_details` ENABLE KEYS */;
UNLOCK TABLES;

--
-- Table structure for table `student_details`
--

DROP TABLE IF EXISTS `student_details`;
/*!40101 SET @saved_cs_client     = @@character_set_client */;
/*!50503 SET character_set_client = utf8mb4 */;
CREATE TABLE `student_details` (
  `studentId` int NOT NULL AUTO_INCREMENT,
  `studentName` varchar(50) NOT NULL,
  `registerNumber` varchar(50) NOT NULL,
  `departmentId` int DEFAULT NULL,
  `batch` int DEFAULT NULL,
  `semester` varchar(255) DEFAULT NULL,
  `companyId` int NOT NULL,
  `staffId` int DEFAULT NULL,
  `created_by` int DEFAULT NULL,
  `updated_by` int DEFAULT NULL,
  `dateOfJoining` datetime DEFAULT NULL,
  `dateOfBirth` datetime DEFAULT NULL,
  `bloodGroup` enum('A+','A-','B+','B-','O+','O-','AB+','AB-') DEFAULT NULL,
  `tutorEmail` varchar(255) DEFAULT NULL,
  `personalEmail` varchar(255) DEFAULT NULL,
  `firstGraduate` enum('Yes','No') DEFAULT NULL,
  `aadharCardNo` varchar(12) DEFAULT NULL,
  `studentType` enum('Day-Scholar','Hosteller') DEFAULT NULL,
  `motherTongue` varchar(255) DEFAULT NULL,
  `identificationMark` varchar(255) DEFAULT NULL,
  `religion` enum('Hindu','Muslim','Christian','Others') DEFAULT NULL,
  `caste` varchar(255) DEFAULT NULL,
  `community` enum('General','OBC','SC','ST','Others') DEFAULT NULL,
  `gender` enum('Male','Female','Transgender') DEFAULT NULL,
  `seatType` enum('Counselling','Management') DEFAULT NULL,
  `section` varchar(255) DEFAULT NULL,
  `doorNo` varchar(255) DEFAULT NULL,
  `street` varchar(255) DEFAULT NULL,
  `city` varchar(255) DEFAULT NULL,
  `pincode` varchar(6) DEFAULT NULL,
  `personalPhone` varchar(10) DEFAULT NULL,
  `pending` tinyint(1) DEFAULT '1',
  `tutorApprovalStatus` tinyint(1) DEFAULT '0',
  `approved_by` int DEFAULT NULL,
  `approvedAt` datetime DEFAULT NULL,
  `messages` json DEFAULT NULL,
  `skillrackProfile` varchar(255) DEFAULT NULL,
  `createdAt` datetime NOT NULL,
  `updatedAt` datetime NOT NULL,
  PRIMARY KEY (`studentId`),
  UNIQUE KEY `registerNumber` (`registerNumber`),
  UNIQUE KEY `aadharCardNo` (`aadharCardNo`),
  UNIQUE KEY `aadharCardNo_2` (`aadharCardNo`),
  KEY `departmentId` (`departmentId`),
  KEY `companyId` (`companyId`),
  KEY `staffId` (`staffId`),
  KEY `created_by` (`created_by`),
  KEY `updated_by` (`updated_by`),
  KEY `approved_by` (`approved_by`),
  CONSTRAINT `student_details_ibfk_1` FOREIGN KEY (`registerNumber`) REFERENCES `users` (`userNumber`),
  CONSTRAINT `student_details_ibfk_2` FOREIGN KEY (`departmentId`) REFERENCES `departments` (`departmentId`) ON DELETE SET NULL ON UPDATE CASCADE,
  CONSTRAINT `student_details_ibfk_3` FOREIGN KEY (`companyId`) REFERENCES `companies` (`companyId`) ON DELETE CASCADE,
  CONSTRAINT `student_details_ibfk_4` FOREIGN KEY (`staffId`) REFERENCES `staff_details` (`staffId`) ON DELETE SET NULL ON UPDATE CASCADE,
  CONSTRAINT `student_details_ibfk_5` FOREIGN KEY (`created_by`) REFERENCES `users` (`userId`) ON UPDATE CASCADE,
  CONSTRAINT `student_details_ibfk_6` FOREIGN KEY (`updated_by`) REFERENCES `users` (`userId`) ON UPDATE CASCADE,
  CONSTRAINT `student_details_ibfk_7` FOREIGN KEY (`approved_by`) REFERENCES `staff_details` (`staffId`) ON UPDATE CASCADE
) ENGINE=InnoDB DEFAULT CHARSET=utf8mb4 COLLATE=utf8mb4_0900_ai_ci;
/*!40101 SET character_set_client = @saved_cs_client */;

--
-- Dumping data for table `student_details`
--

LOCK TABLES `student_details` WRITE;
/*!40000 ALTER TABLE `student_details` DISABLE KEYS */;
/*!40000 ALTER TABLE `student_details` ENABLE KEYS */;
UNLOCK TABLES;

--
-- Table structure for table `users`
--

DROP TABLE IF EXISTS `users`;
/*!40101 SET @saved_cs_client     = @@character_set_client */;
/*!50503 SET character_set_client = utf8mb4 */;
CREATE TABLE `users` (
  `userId` int NOT NULL AUTO_INCREMENT,
  `companyId` int NOT NULL DEFAULT '0',
  `departmentId` int NOT NULL,
  `userNumber` varchar(255) NOT NULL,
  `userName` varchar(255) DEFAULT NULL,
  `userMail` varchar(255) NOT NULL,
  `roleId` int NOT NULL,
  `password` varchar(255) NOT NULL,
  `status` enum('Active','Inactive') DEFAULT 'Active',
  `createdBy` int DEFAULT NULL,
  `updatedBy` int DEFAULT NULL,
  `createdAt` datetime NOT NULL,
  `updatedAt` datetime NOT NULL,
  PRIMARY KEY (`userId`),
  UNIQUE KEY `userNumber` (`userNumber`),
  UNIQUE KEY `userMail` (`userMail`),
  UNIQUE KEY `userNumber_2` (`userNumber`),
  UNIQUE KEY `userMail_2` (`userMail`),
  KEY `companyId` (`companyId`),
  KEY `departmentId` (`departmentId`),
  KEY `roleId` (`roleId`),
  KEY `createdBy` (`createdBy`),
  KEY `updatedBy` (`updatedBy`),
  CONSTRAINT `users_ibfk_1` FOREIGN KEY (`companyId`) REFERENCES `companies` (`companyId`) ON UPDATE CASCADE,
  CONSTRAINT `users_ibfk_2` FOREIGN KEY (`departmentId`) REFERENCES `departments` (`departmentId`) ON UPDATE CASCADE,
  CONSTRAINT `users_ibfk_3` FOREIGN KEY (`roleId`) REFERENCES `roles` (`roleId`) ON DELETE CASCADE ON UPDATE CASCADE,
  CONSTRAINT `users_ibfk_4` FOREIGN KEY (`createdBy`) REFERENCES `users` (`userId`) ON DELETE SET NULL ON UPDATE CASCADE,
  CONSTRAINT `users_ibfk_5` FOREIGN KEY (`updatedBy`) REFERENCES `users` (`userId`) ON DELETE SET NULL ON UPDATE CASCADE
) ENGINE=InnoDB AUTO_INCREMENT=11 DEFAULT CHARSET=utf8mb4 COLLATE=utf8mb4_0900_ai_ci;
/*!40101 SET character_set_client = @saved_cs_client */;

--
-- Dumping data for table `users`
--

LOCK TABLES `users` WRITE;
/*!40000 ALTER TABLE `users` DISABLE KEYS */;
INSERT INTO `users` VALUES (1,1,8,'sad1','Super Admin','2312078@nec.edu.in',1,'$2b$10$ynX8pTKZU/rh4IEwWIf2Hekr8nv30l4gko5b9z1xBcJ3/terlTLwm','Active',NULL,NULL,'2026-02-20 07:25:55','2026-02-20 07:25:55'),(2,1,1,'9000002','Prof Arjun','arjun@nec.edu.in',3,'$2b$10$ynX8pTKZU/rh4IEwWIf2Hekr8nv30l4gko5b9z1xBcJ3/terlTLwm','Active',1,1,'2026-02-20 07:25:55','2026-02-20 13:44:22'),(3,1,2,'9000003','Prof Meera','2312077@nec.edu.in',3,'$2b$10$ynX8pTKZU/rh4IEwWIf2Hekr8nv30l4gko5b9z1xBcJ3/terlTLwm','Active',1,1,'2026-02-20 07:25:55','2026-02-20 07:25:55'),(4,1,6,'9000004','Asst Prof Ravi','ravi@nec.edu.in',3,'$2b$10$ynX8pTKZU/rh4IEwWIf2Hekr8nv30l4gko5b9z1xBcJ3/terlTLwm','Active',1,1,'2026-02-20 07:25:55','2026-02-20 07:25:55'),(5,1,3,'9000005','Asst Prof Nisha','nisha@nec.edu.in',3,'$2b$10$ynX8pTKZU/rh4IEwWIf2Hekr8nv30l4gko5b9z1xBcJ3/terlTLwm','Active',1,1,'2026-02-20 07:25:55','2026-02-20 07:25:55'),(6,1,8,'9000006','Staff Karthik','karthik@nec.edu.in',4,'$2b$10$ynX8pTKZU/rh4IEwWIf2Hekr8nv30l4gko5b9z1xBcJ3/terlTLwm','Active',1,1,'2026-02-20 07:25:56','2026-02-20 07:25:56'),(7,1,4,'9000007','Staff Priya','priya@nec.edu.in',4,'$2b$10$ynX8pTKZU/rh4IEwWIf2Hekr8nv30l4gko5b9z1xBcJ3/terlTLwm','Active',1,1,'2026-02-20 07:25:56','2026-02-20 07:25:56'),(8,1,5,'9000008','Lab Raj','raj@nec.edu.in',4,'$2b$10$ynX8pTKZU/rh4IEwWIf2Hekr8nv30l4gko5b9z1xBcJ3/terlTLwm','Active',1,1,'2026-02-20 07:25:56','2026-02-20 07:25:56'),(9,1,8,'9000009','Clerk Siva','siva@nec.edu.in',4,'$2b$10$ynX8pTKZU/rh4IEwWIf2Hekr8nv30l4gko5b9z1xBcJ3/terlTLwm','Active',1,1,'2026-02-20 07:25:56','2026-02-20 07:25:56'),(10,1,6,'9000010','Staff Deepa','deepa@nec.edu.in',4,'$2b$10$ynX8pTKZU/rh4IEwWIf2Hekr8nv30l4gko5b9z1xBcJ3/terlTLwm','Active',1,1,'2026-02-20 07:25:56','2026-02-20 07:25:56');
/*!40000 ALTER TABLE `users` ENABLE KEYS */;
UNLOCK TABLES;
/*!40103 SET TIME_ZONE=@OLD_TIME_ZONE */;

/*!40101 SET SQL_MODE=@OLD_SQL_MODE */;
/*!40014 SET FOREIGN_KEY_CHECKS=@OLD_FOREIGN_KEY_CHECKS */;
/*!40014 SET UNIQUE_CHECKS=@OLD_UNIQUE_CHECKS */;
/*!40101 SET CHARACTER_SET_CLIENT=@OLD_CHARACTER_SET_CLIENT */;
/*!40101 SET CHARACTER_SET_RESULTS=@OLD_CHARACTER_SET_RESULTS */;
/*!40101 SET COLLATION_CONNECTION=@OLD_COLLATION_CONNECTION */;
/*!40111 SET SQL_NOTES=@OLD_SQL_NOTES */;

-- Dump completed on 2026-02-24 15:01:44
